season,team_id,competition_id
2024,555,235
2024,558,235
2024,596,235
2024,597,235
2024,621,235
2024,779,235
2024,1079,235
2024,1080,235
2024,1083,235
2024,1085,235
2024,1088,235
2024,1993,235
2024,1994,235
2024,2011,235
2024,6786,235
2024,6813,235
2023,487,547
2023,492,547
2023,502,547
2023,505,547
2023,529,143
2023,530,143
2023,531,143
2023,532,143
2023,533,143
2023,534,143
2023,535,143
2023,536,143
2023,537,143
2023,538,143
2023,539,143
2023,540,143
2023,541,143
2023,542,143
2023,543,143
2023,544,143
2023,545,143
2023,546,143
2023,547,143
2023,548,143
2023,593,143
2023,711,143
2023,714,143
2023,715,143
2023,716,143
2023,718,143
2023,719,143
2023,720,143
2023,722,143
2023,723,143
2023,724,143
2023,726,143
2023,727,143
2023,728,143
2023,731,143
2023,732,143
2023,797,143
2023,798,143
2023,799,143
2023,800,143
2023,4665,143
2023,4666,143
2023,4907,143
2023,5250,143
2023,5251,143
2023,5253,143
2023,5254,143
2023,5256,143
2023,5262,143
2023,5263,143
2023,5267,143
2023,5268,143
2023,5269,143
2023,5271,143
2023,5274,143
2023,5275,143
2023,5278,143
2023,5279,143
2023,5280,143
2023,5281,143
2023,5282,143
2023,5283,143
2023,7522,143
2023,7524,143
2023,8151,143
2023,8157,143
2023,9380,143
2023,9384,143
2023,9387,143
2023,9388,143
2023,9390,143
2023,9398,143
2023,9400,143
2023,9404,143
2023,9405,143
2023,9409,143
2023,9410,143
2023,9413,143
2023,9416,143
2023,9418,143
2023,9580,143
2023,9601,143
2023,9604,143
2023,9605,143
2023,9623,143
2023,9632,143
2023,9664,143
2023,9675,143
2023,9681,143
2023,9688,143
2023,9692,143
2023,9722,143
2023,9723,143
2023,9742,143
2023,9767,143
2023,9784,143
2023,9823,143
2023,9826,143
2023,9833,143
2023,9858,143
2023,9868,143
2023,9870,143
2023,9873,143
2023,9879,143
2023,9891,143
2023,9905,143
2023,15339,143
2023,15524,143
2023,17591,143
2023,17600,143
2023,18090,143
2023,20440,143
2023,20449,143
2023,21905,143
2023,22566,143
2023,22567,143
2023,22568,143
2023,22569,143
2023,22570,143
2023,22571,143
2023,22572,143
2023,22573,143
2023,22574,143
2023,22575,143
2023,22576,143
2024,87,62
2024,88,62
2024,90,62
2024,97,62
2024,98,62
2024,99,62
2024,101,62
2024,104,62
2024,110,62
2024,112,62
2024,114,62
2024,433,62
2024,1297,62
2024,1301,62
2024,1304,62
2024,1305,62
2024,3012,62
2024,3200,62
2024,193,88
2024,194,88
2024,195,88
2024,197,88
2024,201,88
2024,202,88
2024,203,88
2024,205,88
2024,206,88
2024,207,88
2024,209,88
2024,210,88
2024,410,88
2024,413,88
2024,415,88
2024,417,88
2024,419,88
2024,426,88
2024,553,197
2024,575,197
2024,617,197
2024,619,197
2024,949,197
2024,955,197
2024,956,197
2024,957,197
2024,1123,197
2024,1124,197
2024,2095,197
2024,2099,197
2024,2110,197
2024,12260,197
2024,529,140
2024,530,140
2024,531,140
2024,532,140
2024,533,140
2024,534,140
2024,536,140
2024,537,140
2024,538,140
2024,540,140
2024,541,140
2024,542,140
2024,543,140
2024,546,140
2024,547,140
2024,548,140
2024,720,140
2024,727,140
2024,728,140
2024,798,140
2024,77,61
2024,79,61
2024,80,61
2024,81,61
2024,82,61
2024,83,61
2024,84,61
2024,85,61
2024,91,61
2024,93,61
2024,94,61
2024,95,61
2024,96,61
2024,106,61
2024,108,61
2024,111,61
2024,116,61
2024,1063,61
2024,830,169
2024,833,169
2024,834,169
2024,836,169
2024,837,169
2024,840,169
2024,844,169
2024,848,169
2024,849,169
2024,1431,169
2024,1439,169
2024,2626,169
2024,5648,169
2024,5686,169
2024,5695,169
2024,17265,169
2024,535,141
2024,539,141
2024,544,141
2024,545,141
2024,713,141
2024,715,141
2024,718,141
2024,719,141
2024,722,141
2024,723,141
2024,724,141
2024,726,141
2024,731,141
2024,732,141
2024,797,141
2024,799,141
2024,4665,141
2024,5254,141
2024,5262,141
2024,9409,141
2024,9580,141
2024,9692,141
2024,33,48
2024,34,48
2024,35,48
2024,36,48
2024,37,48
2024,38,48
2024,39,48
2024,40,48
2024,41,48
2024,42,48
2024,43,48
2024,44,48
2024,45,48
2024,46,48
2024,47,48
2024,48,48
2024,49,48
2024,50,48
2024,51,48
2024,52,48
2024,53,48
2024,54,48
2024,55,48
2024,56,48
2024,57,48
2024,58,48
2024,59,48
2024,60,48
2024,61,48
2024,62,48
2024,63,48
2024,64,48
2024,65,48
2024,66,48
2024,67,48
2024,68,48
2024,69,48
2024,70,48
2024,71,48
2024,72,48
2024,73,48
2024,74,48
2024,75,48
2024,76,48
2024,746,48
2024,747,48
2024,748,48
2024,1333,48
2024,1334,48
2024,1335,48
2024,1336,48
2024,1337,48
2024,1338,48
2024,1342,48
2024,1343,48
2024,1345,48
2024,1346,48
2024,1347,48
2024,1348,48
2024,1350,48
2024,1351,48
2024,1352,48
2024,1353,48
2024,1354,48
2024,1355,48
2024,1356,48
2024,1357,48
2024,1358,48
2024,1359,48
2024,1360,48
2024,1361,48
2024,1362,48
2024,1363,48
2024,1364,48
2024,1365,48
2024,1367,48
2024,1368,48
2024,1370,48
2024,1371,48
2024,1372,48
2024,1373,48
2024,1374,48
2024,1375,48
2024,1376,48
2024,1379,48
2024,1381,48
2024,1819,48
2024,1832,48
2024,1837,48
2024,1842,48
2024,1844,48
2024,4686,48
2024,247,179
2024,249,179
2024,250,179
2024,251,179
2024,252,179
2024,253,179
2024,254,179
2024,256,179
2024,257,179
2024,258,179
2024,902,179
2024,1386,179
2024,260,144
2024,261,144
2024,263,144
2024,266,144
2024,554,144
2024,569,144
2024,631,144
2024,733,144
2024,734,144
2024,735,144
2024,736,144
2024,740,144
2024,741,144
2024,742,144
2024,1393,144
2024,6215,144
2024,118,71
2024,119,71
2024,120,71
2024,121,71
2024,124,71
2024,126,71
2024,127,71
2024,130,71
2024,131,71
2024,133,71
2024,134,71
2024,135,71
2024,136,71
2024,140,71
2024,144,71
2024,152,71
2024,154,71
2024,794,71
2024,1062,71
2024,1193,71
2024,571,218
2024,601,218
2024,618,218
2024,637,218
2024,781,218
2024,1025,218
2024,1026,218
2024,1072,218
2024,1394,218
2024,1398,218
2024,1405,218
2024,4256,218
2024,529,556
2024,531,556
2024,541,556
2024,798,556
2024,279,98
2024,280,98
2024,281,98
2024,282,98
2024,284,98
2024,287,98
2024,288,98
2024,289,98
2024,290,98
2024,291,98
2024,292,98
2024,293,98
2024,294,98
2024,295,98
2024,296,98
2024,302,98
2024,303,98
2024,306,98
2024,311,98
2024,316,98
2024,118,73
2024,119,73
2024,120,73
2024,121,73
2024,123,73
2024,124,73
2024,125,73
2024,126,73
2024,127,73
2024,129,73
2024,130,73
2024,131,73
2024,133,73
2024,134,73
2024,135,73
2024,136,73
2024,140,73
2024,144,73
2024,146,73
2024,147,73
2024,149,73
2024,151,73
2024,152,73
2024,154,73
2024,155,73
2024,754,73
2024,794,73
2024,1062,73
2024,1193,73
2024,1194,73
2024,1195,73
2024,1198,73
2024,1202,73
2024,1207,73
2024,1210,73
2024,1211,73
2024,1218,73
2024,1221,73
2024,1223,73
2024,2204,73
2024,2208,73
2024,2216,73
2024,2217,73
2024,2220,73
2024,2221,73
2024,2227,73
2024,2233,73
2024,2618,73
2024,7770,73
2024,7772,73
2024,7779,73
2024,7782,73
2024,7787,73
2024,7788,73
2024,7814,73
2024,7831,73
2024,7832,73
2024,7833,73
2024,7835,73
2024,7852,73
2024,7864,73
2024,7865,73
2024,7868,73
2024,7869,73
2024,7878,73
2024,7879,73
2024,9999,73
2024,10004,73
2024,10018,73
2024,10023,73
2024,10478,73
2024,10673,73
2024,10675,73
2024,10677,73
2024,10679,73
2024,10861,73
2024,10862,73
2024,12299,73
2024,12916,73
2024,12925,73
2024,12946,73
2024,13098,73
2024,13103,73
2024,13107,73
2024,13114,73
2024,13134,73
2024,13975,73
2024,15505,73
2024,15617,73
2024,18307,73
2024,18308,73
2024,18831,73
2023,77,66
2023,78,66
2023,79,66
2023,80,66
2023,81,66
2023,82,66
2023,83,66
2023,84,66
2023,85,66
2023,87,66
2023,88,66
2023,89,66
2023,90,66
2023,91,66
2023,92,66
2023,93,66
2023,94,66
2023,95,66
2023,96,66
2023,97,66
2023,98,66
2023,99,66
2023,101,66
2023,103,66
2023,104,66
2023,105,66
2023,106,66
2023,107,66
2023,108,66
2023,110,66
2023,111,66
2023,112,66
2023,114,66
2023,115,66
2023,116,66
2023,430,66
2023,431,66
2023,433,66
2023,1063,66
2023,1291,66
2023,1292,66
2023,1294,66
2023,1295,66
2023,1297,66
2023,1299,66
2023,1300,66
2023,1301,66
2023,1302,66
2023,1303,66
2023,1304,66
2023,1305,66
2023,1308,66
2023,1309,66
2023,3007,66
2023,3011,66
2023,3012,66
2023,3014,66
2023,3022,66
2023,3025,66
2023,3030,66
2023,3032,66
2023,3037,66
2023,3043,66
2023,3053,66
2023,3058,66
2023,3061,66
2023,3068,66
2023,3069,66
2023,3071,66
2023,3072,66
2023,3073,66
2023,3093,66
2023,3097,66
2023,3098,66
2023,3108,66
2023,3109,66
2023,3113,66
2023,3119,66
2023,3123,66
2023,3135,66
2023,3138,66
2023,3139,66
2023,3151,66
2023,3162,66
2023,3165,66
2023,3166,66
2023,3171,66
2023,3175,66
2023,3176,66
2023,3177,66
2023,3179,66
2023,3180,66
2023,3181,66
2023,3183,66
2023,3187,66
2023,3188,66
2023,3194,66
2023,3197,66
2023,3200,66
2023,3203,66
2023,3205,66
2023,3207,66
2023,3214,66
2023,3218,66
2023,3220,66
2023,3221,66
2023,3225,66
2023,3229,66
2023,3245,66
2023,3249,66
2023,3251,66
2023,3261,66
2023,3268,66
2023,3277,66
2023,3296,66
2023,3297,66
2023,3310,66
2023,9246,66
2023,9255,66
2023,9268,66
2023,9274,66
2023,9275,66
2023,9282,66
2023,9293,66
2023,9301,66
2023,9303,66
2023,9311,66
2023,9313,66
2023,9930,66
2023,9932,66
2023,9937,66
2023,9943,66
2023,9959,66
2023,9960,66
2023,9967,66
2023,9969,66
2023,10166,66
2023,13583,66
2023,13601,66
2023,13609,66
2023,13615,66
2023,13618,66
2023,13626,66
2023,13654,66
2023,13674,66
2023,13675,66
2023,13708,66
2023,13709,66
2023,13716,66
2023,13721,66
2023,13741,66
2023,13768,66
2023,15110,66
2023,15115,66
2023,15121,66
2023,16413,66
2023,16417,66
2023,18149,66
2023,18155,66
2023,19617,66
2023,20599,66
2023,20601,66
2023,22030,66
2023,22036,66
2023,22039,66
2023,22040,66
2023,22728,66
2023,22729,66
2023,22730,66
2023,22731,66
2023,22732,66
2023,22733,66
2023,22734,66
2023,22735,66
2023,22737,66
2023,22738,66
2023,22739,66
2023,22740,66
2023,22741,66
2023,22742,66
2023,22743,66
2023,22744,66
2023,22745,66
2023,22746,66
2023,22747,66
2023,22748,66
2023,22749,66
2023,22750,66
2023,22751,66
2023,22752,66
2023,22753,66
2023,22755,66
2023,22756,66
2023,22757,66
2023,22806,66
2024,283,99
2024,285,99
2024,286,99
2024,298,99
2024,299,99
2024,301,99
2024,305,99
2024,307,99
2024,308,99
2024,309,99
2024,310,99
2024,312,99
2024,314,99
2024,315,99
2024,318,99
2024,756,99
2024,2236,99
2024,4315,99
2024,4317,99
2024,7127,99
2023,34,1022
2023,36,1022
2023,49,1022
2023,51,1022
2023,55,1022
2023,66,1022
2024,1716,524
2024,1717,524
2024,1718,524
2024,1719,524
2024,1720,524
2024,1722,524
2024,1725,524
2024,1726,524
2024,1730,524
2024,1736,524
2024,1737,524
2024,15584,524
2023,50,15
2023,124,15
2023,287,15
2023,1577,15
2023,2289,15
2023,2537,15
2023,2938,15
2024,1,5
2024,2,5
2024,3,5
2024,5,5
2024,9,5
2024,10,5
2024,14,5
2024,15,5
2024,18,5
2024,21,5
2024,24,5
2024,25,5
2024,27,5
2024,767,5
2024,768,5
2024,769,5
2024,770,5
2024,771,5
2024,772,5
2024,773,5
2024,774,5
2024,775,5
2024,776,5
2024,777,5
2024,778,5
2024,1090,5
2024,1091,5
2024,1092,5
2024,1093,5
2024,1094,5
2024,1095,5
2024,1096,5
2024,1097,5
2024,1098,5
2024,1099,5
2024,1100,5
2024,1101,5
2024,1102,5
2024,1103,5
2024,1104,5
2024,1105,5
2024,1106,5
2024,1107,5
2024,1108,5
2024,1109,5
2024,1110,5
2024,1111,5
2024,1112,5
2024,1114,5
2024,1115,5
2024,1116,5
2024,1117,5
2024,1118,5
2024,1,4
2024,2,4
2024,3,4
2024,9,4
2024,10,4
2024,14,4
2024,15,4
2024,21,4
2024,24,4
2024,25,4
2024,27,4
2024,768,4
2024,769,4
2024,770,4
2024,772,4
2024,773,4
2024,774,4
2024,775,4
2024,777,4
2024,778,4
2024,1091,4
2024,1104,4
2024,1108,4
2024,1118,4
2024,487,135
2024,489,135
2024,490,135
2024,492,135
2024,494,135
2024,495,135
2024,496,135
2024,497,135
2024,499,135
2024,500,135
2024,502,135
2024,503,135
2024,504,135
2024,505,135
2024,511,135
2024,517,135
2024,523,135
2024,867,135
2024,895,135
2024,1579,135
2024,49,848
2024,116,848
2024,180,848
2024,224,848
2024,250,848
2024,251,848
2024,254,848
2024,274,848
2024,275,848
2024,276,848
2024,278,848
2024,319,848
2024,325,848
2024,329,848
2024,336,848
2024,337,848
2024,338,848
2024,339,848
2024,352,848
2024,354,848
2024,356,848
2024,357,848
2024,364,848
2024,367,848
2024,385,848
2024,387,848
2024,391,848
2024,394,848
2024,400,848
2024,407,848
2024,410,848
2024,502,848
2024,543,848
2024,552,848
2024,561,848
2024,562,848
2024,563,848
2024,564,848
2024,568,848
2024,573,848
2024,575,848
2024,578,848
2024,579,848
2024,580,848
2024,583,848
2024,586,848
2024,601,848
2024,606,848
2024,608,848
2024,609,848
2024,610,848
2024,614,848
2024,616,848
2024,617,848
2024,631,848
2024,632,848
2024,634,848
2024,640,848
2024,648,848
2024,649,848
2024,650,848
2024,652,848
2024,658,848
2024,660,848
2024,661,848
2024,667,848
2024,670,848
2024,677,848
2024,678,848
2024,684,848
2024,685,848
2024,687,848
2024,691,848
2024,692,848
2024,694,848
2024,697,848
2024,698,848
2024,700,848
2024,701,848
2024,702,848
2024,703,848
2024,705,848
2024,708,848
2024,709,848
2024,741,848
2024,781,848
2024,783,848
2024,851,848
2024,998,848
2024,1011,848
2024,1026,848
2024,1120,848
2024,1163,848
2024,1165,848
2024,1426,848
2024,2036,848
2024,2073,848
2024,2184,848
2024,2246,848
2024,2247,848
2024,2249,848
2024,2257,848
2024,2259,848
2024,2262,848
2024,2266,848
2024,2271,848
2024,2273,848
2024,2276,848
2024,2390,848
2024,2391,848
2024,2644,848
2024,2646,848
2024,3327,848
2024,3339,848
2024,3342,848
2024,3345,848
2024,3402,848
2024,3403,848
2024,3502,848
2024,3528,848
2024,3529,848
2024,3549,848
2024,3623,848
2024,3683,848
2024,3684,848
2024,3713,848
2024,3740,848
2024,3745,848
2024,3843,848
2024,3854,848
2024,3870,848
2024,3874,848
2024,4133,848
2024,4135,848
2024,4195,848
2024,4346,848
2024,4348,848
2024,4359,848
2024,4360,848
2024,4495,848
2024,4563,848
2024,4625,848
2024,4626,848
2024,4628,848
2024,4633,848
2024,5308,848
2024,5354,848
2024,5503,848
2024,6489,848
2024,6496,848
2024,10124,848
2024,12733,848
2024,13976,848
2024,14281,848
2024,14395,848
2024,14507,848
2024,15576,848
2024,16135,848
2024,18878,848
2024,20034,848
2024,1676,525
2024,1792,525
2024,1850,525
2024,1880,525
2024,1898,525
2024,1899,525
2024,1910,525
2024,10227,525
2024,10879,525
2024,10880,525
2024,10882,525
2024,10883,525
2024,10888,525
2024,10889,525
2024,10891,525
2024,10895,525
2024,10896,525
2024,10897,525
2024,10906,525
2024,10911,525
2024,10913,525
2024,10914,525
2024,10915,525
2024,10925,525
2024,11080,525
2024,13983,525
2024,13997,525
2024,14014,525
2024,14851,525
2024,15412,525
2024,15492,525
2024,15493,525
2024,15494,525
2024,15495,525
2024,15535,525
2024,15548,525
2024,15956,525
2024,15982,525
2024,16839,525
2024,16840,525
2024,16842,525
2024,16843,525
2024,16844,525
2024,17576,525
2024,19051,525
2024,19836,525
2024,20374,525
2024,20511,525
2024,21583,525
2024,22192,525
2024,22259,525
2024,22339,525
2024,24209,525
2024,499,531
2024,541,531
2024,488,137
2024,490,137
2024,492,137
2024,494,137
2024,495,137
2024,498,137
2024,503,137
2024,504,137
2024,508,137
2024,509,137
2024,510,137
2024,511,137
2024,512,137
2024,514,137
2024,515,137
2024,517,137
2024,518,137
2024,520,137
2024,522,137
2024,523,137
2024,528,137
2024,801,137
2024,863,137
2024,867,137
2024,870,137
2024,880,137
2024,895,137
2024,899,137
2024,1578,137
2024,1579,137
2024,1580,137
2024,1581,137
2024,1687,137
2024,1693,137
2024,9534,137
2024,10137,137
2023,13,6
2023,19,6
2023,28,6
2023,31,6
2023,32,6
2023,1489,6
2023,1491,6
2023,1492,6
2023,1493,6
2023,1500,6
2023,1501,6
2023,1502,6
2023,1504,6
2023,1507,6
2023,1508,6
2023,1509,6
2023,1529,6
2023,1530,6
2023,1531,6
2023,1532,6
2023,12,7
2023,17,7
2023,20,7
2023,22,7
2023,23,7
2023,1536,7
2023,1537,7
2023,1538,7
2023,1542,7
2023,1547,7
2023,1548,7
2023,1551,7
2023,1552,7
2023,1562,7
2023,1563,7
2023,1564,7
2023,1565,7
2023,1566,7
2023,1567,7
2023,1568,7
2023,1569,7
2023,1571,7
2023,4460,7
2024,289,17
2024,294,17
2024,296,17
2024,833,17
2024,836,17
2024,844,17
2024,941,17
2024,2523,17
2024,2733,17
2024,2742,17
2024,2744,17
2024,2759,17
2024,2764,17
2024,2767,17
2024,2770,17
2024,2780,17
2024,2865,17
2024,2870,17
2024,2872,17
2024,2895,17
2024,2897,17
2024,2903,17
2024,2929,17
2024,2932,17
2024,2939,17
2024,4220,17
2024,5242,17
2024,488,136
2024,498,136
2024,508,136
2024,509,136
2024,510,136
2024,512,136
2024,514,136
2024,515,136
2024,518,136
2024,520,136
2024,522,136
2024,801,136
2024,863,136
2024,880,136
2024,899,136
2024,1578,136
2024,1581,136
2024,1687,136
2024,1693,136
2024,10137,136
2024,2997,254
2024,2998,254
2024,2999,254
2024,3000,254
2024,3001,254
2024,3002,254
2024,3003,254
2024,3004,254
2024,3005,254
2024,16487,254
2024,16488,254
2024,18450,254
2024,18451,254
2024,22943,254
2024,85,526
2024,91,526
2024,29,536
2024,2385,536
2024,2386,536
2024,2388,536
2024,4672,536
2024,5158,536
2024,5159,536
2024,5161,536
2024,5164,536
2024,5168,536
2024,5526,536
2024,5527,536
2024,5528,536
2024,5530,536
2024,5532,536
2024,5533,536
2024,8167,536
2024,8171,536
2024,10983,536
2024,120,13
2024,121,13
2024,124,13
2024,126,13
2024,127,13
2024,130,13
2024,435,13
2024,437,13
2024,439,13
2024,450,13
2024,456,13
2024,460,13
2024,794,13
2024,1062,13
2024,1125,13
2024,1135,13
2024,1137,13
2024,1144,13
2024,1150,13
2024,1152,13
2024,1153,13
2024,1156,13
2024,1158,13
2024,1175,13
2024,1176,13
2024,1179,13
2024,1187,13
2024,2315,13
2024,2318,13
2024,2328,13
2024,2331,13
2024,2348,13
2024,2350,13
2024,2356,13
2024,2358,13
2024,2540,13
2024,2546,13
2024,2553,13
2024,2554,13
2024,2807,13
2024,2808,13
2024,2814,13
2024,2827,13
2024,3637,13
2024,3700,13
2024,3702,13
2024,3711,13
2024,33,3
2024,47,3
2024,80,3
2024,84,3
2024,167,3
2024,169,3
2024,194,3
2024,201,3
2024,212,3
2024,217,3
2024,250,3
2024,254,3
2024,257,3
2024,327,3
2024,329,3
2024,336,3
2024,338,3
2024,354,3
2024,372,3
2024,375,3
2024,394,3
2024,397,3
2024,415,3
2024,487,3
2024,497,3
2024,531,3
2024,548,3
2024,549,3
2024,552,3
2024,553,3
2024,554,3
2024,556,3
2024,559,3
2024,560,3
2024,561,3
2024,566,3
2024,567,3
2024,568,3
2024,572,3
2024,573,3
2024,604,3
2024,606,3
2024,611,3
2024,617,3
2024,619,3
2024,634,3
2024,645,3
2024,648,3
2024,651,3
2024,652,3
2024,667,3
2024,701,3
2024,702,3
2024,703,3
2024,741,3
2024,781,3
2024,998,3
2024,1026,3
2024,1393,3
2024,2073,3
2024,2184,3
2024,2247,3
2024,2259,3
2024,2271,3
2024,2390,3
2024,2646,3
2024,3403,3
2024,3549,3
2024,3874,3
2024,4160,3
2024,4360,3
2024,4495,3
2024,6489,3
2024,14395,3
2024,20034,3
2024,10172,480
2024,10176,480
2024,10179,480
2024,10180,480
2024,10182,480
2024,10187,480
2024,10192,480
2024,10963,480
2024,16621,480
2024,17871,480
2024,17883,480
2024,20547,480
2024,20551,480
2024,22925,480
2024,23312,480
2024,23313,480
2024,40,2
2024,42,2
2024,50,2
2024,66,2
2024,79,2
2024,85,2
2024,91,2
2024,106,2
2024,157,2
2024,165,2
2024,168,2
2024,172,2
2024,173,2
2024,197,2
2024,209,2
2024,211,2
2024,228,2
2024,247,2
2024,257,2
2024,278,2
2024,327,2
2024,336,2
2024,354,2
2024,375,2
2024,394,2
2024,397,2
2024,415,2
2024,489,2
2024,496,2
2024,499,2
2024,500,2
2024,505,2
2024,529,2
2024,530,2
2024,541,2
2024,547,2
2024,550,2
2024,556,2
2024,559,2
2024,560,2
2024,565,2
2024,566,2
2024,569,2
2024,571,2
2024,572,2
2024,573,2
2024,598,2
2024,604,2
2024,606,2
2024,611,2
2024,619,2
2024,620,2
2024,628,2
2024,637,2
2024,645,2
2024,649,2
2024,651,2
2024,652,2
2024,656,2
2024,667,2
2024,684,2
2024,687,2
2024,692,2
2024,701,2
2024,703,2
2024,705,2
2024,709,2
2024,1393,2
2024,2247,2
2024,2271,2
2024,3327,2
2024,3745,2
2024,3874,2
2024,4160,2
2024,4346,2
2024,4360,2
2024,4626,2
2024,5308,2
2024,5354,2
2024,12733,2
2024,2746,292
2024,2747,292
2024,2750,292
2024,2756,292
2024,2759,292
2024,2761,292
2024,2762,292
2024,2763,292
2024,2764,292
2024,2766,292
2024,2767,292
2024,2768,292
2024,1595,253
2024,1596,253
2024,1597,253
2024,1598,253
2024,1599,253
2024,1600,253
2024,1601,253
2024,1602,253
2024,1603,253
2024,1604,253
2024,1605,253
2024,1606,253
2024,1607,253
2024,1608,253
2024,1609,253
2024,1610,253
2024,1611,253
2024,1612,253
2024,1613,253
2024,1614,253
2024,1615,253
2024,1616,253
2024,1617,253
2024,2242,253
2024,9568,253
2024,9569,253
2024,16489,253
2024,18310,253
2024,20787,253
2024,395,119
2024,396,119
2024,397,119
2024,398,119
2024,400,119
2024,401,119
2024,402,119
2024,406,119
2024,407,119
2024,625,119
2024,2070,119
2024,2073,119
2024,1,10
2024,2,10
2024,3,10
2024,4,10
2024,5,10
2024,6,10
2024,7,10
2024,8,10
2024,9,10
2024,10,10
2024,11,10
2024,12,10
2024,13,10
2024,14,10
2024,15,10
2024,16,10
2024,17,10
2024,18,10
2024,19,10
2024,20,10
2024,21,10
2024,22,10
2024,23,10
2024,24,10
2024,25,10
2024,26,10
2024,27,10
2024,28,10
2024,29,10
2024,30,10
2024,31,10
2024,32,10
2024,64,10
2024,767,10
2024,768,10
2024,769,10
2024,770,10
2024,771,10
2024,772,10
2024,773,10
2024,774,10
2024,775,10
2024,776,10
2024,777,10
2024,778,10
2024,996,10
2024,1090,10
2024,1091,10
2024,1092,10
2024,1093,10
2024,1094,10
2024,1095,10
2024,1096,10
2024,1098,10
2024,1099,10
2024,1100,10
2024,1101,10
2024,1102,10
2024,1103,10
2024,1104,10
2024,1105,10
2024,1106,10
2024,1107,10
2024,1108,10
2024,1109,10
2024,1110,10
2024,1111,10
2024,1112,10
2024,1114,10
2024,1115,10
2024,1116,10
2024,1117,10
2024,1118,10
2024,1489,10
2024,1491,10
2024,1492,10
2024,1493,10
2024,1495,10
2024,1497,10
2024,1500,10
2024,1501,10
2024,1502,10
2024,1503,10
2024,1504,10
2024,1506,10
2024,1507,10
2024,1508,10
2024,1509,10
2024,1510,10
2024,1511,10
2024,1514,10
2024,1516,10
2024,1517,10
2024,1518,10
2024,1519,10
2024,1520,10
2024,1522,10
2024,1526,10
2024,1528,10
2024,1529,10
2024,1530,10
2024,1531,10
2024,1532,10
2024,1534,10
2024,1536,10
2024,1537,10
2024,1538,10
2024,1539,10
2024,1540,10
2024,1542,10
2024,1543,10
2024,1545,10
2024,1547,10
2024,1548,10
2024,1551,10
2024,1552,10
2024,1555,10
2024,1557,10
2024,1560,10
2024,1562,10
2024,1563,10
2024,1564,10
2024,1565,10
2024,1566,10
2024,1567,10
2024,1568,10
2024,1569,10
2024,1570,10
2024,1571,10
2024,2379,10
2024,2380,10
2024,2381,10
2024,2382,10
2024,2383,10
2024,2384,10
2024,2385,10
2024,2386,10
2024,2388,10
2024,4460,10
2024,4672,10
2024,4673,10
2024,5159,10
2024,5160,10
2024,5161,10
2024,5164,10
2024,5168,10
2024,5528,10
2024,5529,10
2024,5530,10
2024,5532,10
2024,5533,10
2024,5534,10
2024,8167,10
2024,8171,10
2024,8180,10
2024,8187,10
2024,8188,10
2024,8189,10
2024,8195,10
2024,8208,10
2024,8209,10
2024,8211,10
2024,8213,10
2024,8214,10
2024,8223,10
2024,8224,10
2024,8225,10
2024,8227,10
2024,8228,10
2024,8229,10
2024,10176,10
2024,10178,10
2024,10179,10
2024,10187,10
2024,10287,10
2024,10299,10
2024,10310,10
2024,10316,10
2024,10342,10
2024,10354,10
2024,10361,10
2024,10372,10
2024,10373,10
2024,10932,10
2024,10935,10
2024,10945,10
2024,10954,10
2024,10955,10
2024,10959,10
2024,10963,10
2024,10964,10
2024,11017,10
2024,11027,10
2024,11034,10
2024,11037,10
2024,11038,10
2024,11049,10
2024,16198,10
2024,16500,10
2024,16620,10
2024,16621,10
2024,17262,10
2024,17871,10
2024,17883,10
2024,17896,10
2024,19071,10
2024,19072,10
2024,19073,10
2024,19075,10
2024,19418,10
2024,19627,10
2024,20547,10
2024,20551,10
2024,21057,10
2024,21059,10
2024,21302,10
2024,21460,10
2024,21465,10
2024,21466,10
2024,21467,10
2024,21474,10
2024,21476,10
2024,21477,10
2024,22255,10
2024,22340,10
2024,22341,10
2024,22425,10
2024,22428,10
2024,22429,10
2024,22430,10
2024,22435,10
2024,22724,10
2024,22925,10
2024,22930,10
2024,23256,10
2024,23257,10
2024,23258,10
2024,23259,10
2024,23260,10
2024,23263,10
2024,7117,497
2024,7123,497
2024,7124,497
2024,7129,497
2024,7137,497
2024,7145,497
2024,7149,497
2024,7150,497
2024,7151,497
2024,10405,497
2024,10406,497
2024,10407,497
2024,10408,497
2024,10410,497
2024,15222,497
2024,18378,497
2022,1,1
2022,2,1
2022,3,1
2022,6,1
2022,7,1
2022,9,1
2022,10,1
2022,12,1
2022,13,1
2022,14,1
2022,15,1
2022,16,1
2022,17,1
2022,20,1
2022,21,1
2022,22,1
2022,23,1
2022,24,1
2022,25,1
2022,26,1
2022,27,1
2022,28,1
2022,29,1
2022,31,1
2022,767,1
2022,1118,1
2022,1504,1
2022,1530,1
2022,1569,1
2022,2382,1
2022,2384,1
2022,5529,1
2024,33,39
2024,34,39
2024,35,39
2024,36,39
2024,39,39
2024,40,39
2024,41,39
2024,42,39
2024,45,39
2024,46,39
2024,47,39
2024,48,39
2024,49,39
2024,50,39
2024,51,39
2024,52,39
2024,55,39
2024,57,39
2024,65,39
2024,66,39
2024,7191,871
2024,7192,871
2024,7193,871
2024,7195,871
2024,7200,871
2024,7201,871
2024,7204,871
2024,11912,871
2024,11913,871
2024,11914,871
2024,11915,871
2024,14430,871
2024,19744,871
2024,19745,871
2024,19746,871
2024,20000,871
2024,20016,871
2024,20017,871
2024,20019,871
2024,20078,871
2024,20079,871
2024,20080,871
2024,20081,871
2024,20082,871
2024,20083,871
2024,20084,871
2024,20085,871
2024,20086,871
2024,20092,871
2024,20094,871
2024,22173,871
2024,22174,871
2024,24846,871
2024,24847,871
2024,24848,871
2024,24849,871
2023,1845,698
2023,1846,698
2023,1847,698
2023,1848,698
2023,1850,698
2023,1852,698
2023,1853,698
2023,1854,698
2023,1855,698
2023,1856,698
2023,1857,698
2023,4898,698
2023,4899,698
2023,14219,698
2023,15401,698
2023,15402,698
2023,15403,698
2023,15404,698
2023,15405,698
2023,15406,698
2023,15407,698
2023,15409,698
2023,15410,698
2023,15411,698
2023,15412,698
2023,15413,698
2023,15416,698
2023,15417,698
2023,15418,698
2023,15419,698
2023,15421,698
2023,15422,698
2023,15423,698
2023,15424,698
2023,15425,698
2023,15427,698
2023,15428,698
2023,15429,698
2023,15430,698
2023,15432,698
2023,15433,698
2023,15435,698
2023,15436,698
2023,15437,698
2023,15439,698
2023,15440,698
2023,15441,698
2023,15442,698
2023,15444,698
2023,15445,698
2023,15446,698
2023,15447,698
2023,15448,698
2023,15449,698
2023,15450,698
2023,15451,698
2023,15452,698
2023,15453,698
2023,15454,698
2023,15455,698
2023,15457,698
2023,15513,698
2023,15514,698
2023,15515,698
2023,15529,698
2023,15530,698
2023,15532,698
2023,15533,698
2023,15593,698
2023,15594,698
2023,18189,698
2023,18190,698
2023,18192,698
2023,18194,698
2023,18196,698
2023,18198,698
2023,18200,698
2023,18202,698
2023,18203,698
2023,18204,698
2023,18205,698
2023,18206,698
2023,18209,698
2023,18210,698
2023,18211,698
2023,18212,698
2023,18214,698
2023,18218,698
2023,18219,698
2023,18220,698
2023,18224,698
2023,18228,698
2023,18230,698
2023,18231,698
2023,18232,698
2023,18236,698
2023,18237,698
2023,18239,698
2023,18240,698
2023,18241,698
2023,18243,698
2023,18245,698
2023,18247,698
2023,18249,698
2023,18250,698
2023,18251,698
2023,18252,698
2023,18253,698
2023,18255,698
2023,20604,698
2023,20606,698
2023,20607,698
2023,20610,698
2023,20611,698
2023,20613,698
2023,20614,698
2023,20615,698
2023,20616,698
2023,20617,698
2023,20618,698
2023,20620,698
2023,20622,698
2023,20624,698
2023,20628,698
2023,20631,698
2023,20634,698
2023,20637,698
2023,20638,698
2023,20639,698
2023,22607,698
2023,22608,698
2023,22609,698
2023,22610,698
2023,22611,698
2023,22612,698
2023,22613,698
2023,22614,698
2023,22615,698
2023,22616,698
2023,22617,698
2023,22618,698
2023,22619,698
2023,22620,698
2023,22621,698
2023,22622,698
2023,22623,698
2023,22624,698
2023,22625,698
2023,22626,698
2023,22627,698
2023,22628,698
2023,22629,698
2023,22630,698
2023,22631,698
2023,22632,698
2023,22633,698
2023,22634,698
2023,22635,698
2023,22636,698
2023,22637,698
2023,22638,698
2023,22639,698
2023,22640,698
2023,22641,698
2023,22642,698
2023,22643,698
2023,22644,698
2023,22645,698
2023,22646,698
2023,22647,698
2023,22648,698
2023,22649,698
2023,22650,698
2023,22651,698
2023,22652,698
2023,22653,698
2023,22654,698
2023,22655,698
2023,22656,698
2023,22657,698
2023,22658,698
2023,22659,698
2023,22660,698
2023,22661,698
2023,22662,698
2023,22663,698
2023,22664,698
2023,22665,698
2023,22666,698
2023,22667,698
2023,22668,698
2023,22669,698
2023,22670,698
2023,22671,698
2023,22672,698
2023,22673,698
2023,22674,698
2023,22675,698
2023,22676,698
2023,22677,698
2023,22678,698
2023,22679,698
2023,22680,698
2023,22681,698
2023,22682,698
2023,22683,698
2023,22684,698
2023,22685,698
2023,22686,698
2023,22687,698
2023,22688,698
2023,22689,698
2023,22690,698
2023,22691,698
2023,22692,698
2023,22693,698
2023,22694,698
2023,22695,698
2023,22696,698
2023,22697,698
2023,22698,698
2023,22700,698
2023,22701,698
2023,22702,698
2024,16946,854
2024,16947,854
2024,16948,854
2024,16949,854
2024,16950,854
2024,16951,854
2024,16952,854
2024,16953,854
2024,16954,854
2024,16955,854
2024,16956,854
2024,22492,854
2024,33,667
2024,34,667
2024,35,667
2024,36,667
2024,37,667
2024,38,667
2024,39,667
2024,40,667
2024,41,667
2024,42,667
2024,43,667
2024,44,667
2024,45,667
2024,46,667
2024,47,667
2024,48,667
2024,49,667
2024,50,667
2024,51,667
2024,52,667
2024,53,667
2024,54,667
2024,55,667
2024,56,667
2024,57,667
2024,58,667
2024,59,667
2024,60,667
2024,61,667
2024,62,667
2024,63,667
2024,64,667
2024,65,667
2024,66,667
2024,67,667
2024,68,667
2024,69,667
2024,70,667
2024,71,667
2024,72,667
2024,73,667
2024,74,667
2024,75,667
2024,76,667
2024,77,667
2024,78,667
2024,79,667
2024,80,667
2024,81,667
2024,82,667
2024,83,667
2024,84,667
2024,85,667
2024,87,667
2024,88,667
2024,89,667
2024,90,667
2024,91,667
2024,92,667
2024,93,667
2024,94,667
2024,95,667
2024,96,667
2024,97,667
2024,98,667
2024,99,667
2024,101,667
2024,102,667
2024,103,667
2024,104,667
2024,105,667
2024,106,667
2024,107,667
2024,108,667
2024,110,667
2024,111,667
2024,112,667
2024,113,667
2024,114,667
2024,115,667
2024,116,667
2024,123,667
2024,127,667
2024,128,667
2024,132,667
2024,133,667
2024,137,667
2024,139,667
2024,143,667
2024,149,667
2024,151,667
2024,157,667
2024,158,667
2024,159,667
2024,160,667
2024,161,667
2024,162,667
2024,163,667
2024,164,667
2024,165,667
2024,166,667
2024,167,667
2024,168,667
2024,169,667
2024,170,667
2024,171,667
2024,172,667
2024,173,667
2024,174,667
2024,175,667
2024,176,667
2024,177,667
2024,178,667
2024,179,667
2024,180,667
2024,181,667
2024,182,667
2024,183,667
2024,184,667
2024,185,667
2024,186,667
2024,187,667
2024,188,667
2024,189,667
2024,190,667
2024,191,667
2024,192,667
2024,193,667
2024,194,667
2024,195,667
2024,196,667
2024,197,667
2024,198,667
2024,199,667
2024,200,667
2024,201,667
2024,202,667
2024,203,667
2024,204,667
2024,205,667
2024,206,667
2024,207,667
2024,208,667
2024,209,667
2024,210,667
2024,211,667
2024,212,667
2024,214,667
2024,215,667
2024,216,667
2024,217,667
2024,218,667
2024,222,667
2024,223,667
2024,224,667
2024,225,667
2024,226,667
2024,227,667
2024,228,667
2024,229,667
2024,230,667
2024,231,667
2024,232,667
2024,233,667
2024,234,667
2024,235,667
2024,236,667
2024,237,667
2024,238,667
2024,239,667
2024,240,667
2024,242,667
2024,243,667
2024,244,667
2024,245,667
2024,246,667
2024,247,667
2024,248,667
2024,249,667
2024,250,667
2024,251,667
2024,252,667
2024,253,667
2024,254,667
2024,255,667
2024,256,667
2024,257,667
2024,258,667
2024,259,667
2024,260,667
2024,261,667
2024,262,667
2024,263,667
2024,266,667
2024,275,667
2024,276,667
2024,279,667
2024,280,667
2024,281,667
2024,282,667
2024,283,667
2024,285,667
2024,286,667
2024,287,667
2024,288,667
2024,289,667
2024,290,667
2024,291,667
2024,292,667
2024,293,667
2024,294,667
2024,295,667
2024,296,667
2024,297,667
2024,298,667
2024,299,667
2024,300,667
2024,301,667
2024,302,667
2024,303,667
2024,304,667
2024,305,667
2024,306,667
2024,307,667
2024,308,667
2024,309,667
2024,310,667
2024,311,667
2024,312,667
2024,313,667
2024,314,667
2024,315,667
2024,316,667
2024,318,667
2024,319,667
2024,320,667
2024,321,667
2024,322,667
2024,323,667
2024,324,667
2024,325,667
2024,326,667
2024,327,667
2024,328,667
2024,329,667
2024,330,667
2024,331,667
2024,332,667
2024,333,667
2024,334,667
2024,335,667
2024,336,667
2024,337,667
2024,338,667
2024,339,667
2024,340,667
2024,341,667
2024,342,667
2024,343,667
2024,344,667
2024,345,667
2024,346,667
2024,347,667
2024,348,667
2024,349,667
2024,350,667
2024,351,667
2024,352,667
2024,353,667
2024,354,667
2024,355,667
2024,356,667
2024,357,667
2024,358,667
2024,359,667
2024,361,667
2024,363,667
2024,364,667
2024,365,667
2024,366,667
2024,367,667
2024,369,667
2024,370,667
2024,371,667
2024,372,667
2024,373,667
2024,374,667
2024,375,667
2024,376,667
2024,377,667
2024,378,667
2024,379,667
2024,380,667
2024,382,667
2024,384,667
2024,385,667
2024,386,667
2024,387,667
2024,388,667
2024,389,667
2024,391,667
2024,392,667
2024,394,667
2024,395,667
2024,396,667
2024,397,667
2024,398,667
2024,399,667
2024,400,667
2024,401,667
2024,402,667
2024,403,667
2024,404,667
2024,405,667
2024,406,667
2024,407,667
2024,408,667
2024,409,667
2024,410,667
2024,411,667
2024,412,667
2024,413,667
2024,414,667
2024,415,667
2024,416,667
2024,417,667
2024,418,667
2024,419,667
2024,420,667
2024,421,667
2024,422,667
2024,423,667
2024,424,667
2024,425,667
2024,426,667
2024,427,667
2024,428,667
2024,430,667
2024,431,667
2024,433,667
2024,434,667
2024,435,667
2024,437,667
2024,438,667
2024,440,667
2024,441,667
2024,445,667
2024,451,667
2024,455,667
2024,456,667
2024,457,667
2024,460,667
2024,473,667
2024,487,667
2024,488,667
2024,489,667
2024,490,667
2024,492,667
2024,493,667
2024,494,667
2024,495,667
2024,496,667
2024,497,667
2024,498,667
2024,499,667
2024,500,667
2024,502,667
2024,503,667
2024,504,667
2024,505,667
2024,508,667
2024,510,667
2024,511,667
2024,512,667
2024,514,667
2024,515,667
2024,516,667
2024,517,667
2024,518,667
2024,520,667
2024,521,667
2024,522,667
2024,523,667
2024,524,667
2024,526,667
2024,527,667
2024,529,667
2024,530,667
2024,531,667
2024,532,667
2024,533,667
2024,534,667
2024,535,667
2024,536,667
2024,537,667
2024,538,667
2024,539,667
2024,540,667
2024,541,667
2024,542,667
2024,543,667
2024,544,667
2024,545,667
2024,546,667
2024,547,667
2024,548,667
2024,549,667
2024,550,667
2024,551,667
2024,552,667
2024,553,667
2024,554,667
2024,555,667
2024,556,667
2024,558,667
2024,559,667
2024,560,667
2024,561,667
2024,562,667
2024,563,667
2024,564,667
2024,565,667
2024,566,667
2024,567,667
2024,568,667
2024,569,667
2024,571,667
2024,572,667
2024,573,667
2024,574,667
2024,575,667
2024,576,667
2024,579,667
2024,582,667
2024,583,667
2024,584,667
2024,586,667
2024,587,667
2024,593,667
2024,596,667
2024,597,667
2024,598,667
2024,599,667
2024,600,667
2024,601,667
2024,602,667
2024,603,667
2024,604,667
2024,606,667
2024,607,667
2024,608,667
2024,609,667
2024,610,667
2024,611,667
2024,612,667
2024,614,667
2024,615,667
2024,616,667
2024,617,667
2024,618,667
2024,619,667
2024,620,667
2024,621,667
2024,625,667
2024,626,667
2024,628,667
2024,630,667
2024,631,667
2024,632,667
2024,634,667
2024,635,667
2024,637,667
2024,640,667
2024,644,667
2024,645,667
2024,646,667
2024,648,667
2024,649,667
2024,650,667
2024,651,667
2024,652,667
2024,653,667
2024,655,667
2024,656,667
2024,659,667
2024,660,667
2024,661,667
2024,662,667
2024,663,667
2024,664,667
2024,665,667
2024,667,667
2024,668,667
2024,669,667
2024,670,667
2024,673,667
2024,675,667
2024,677,667
2024,683,667
2024,684,667
2024,685,667
2024,687,667
2024,689,667
2024,692,667
2024,693,667
2024,694,667
2024,697,667
2024,699,667
2024,702,667
2024,705,667
2024,708,667
2024,709,667
2024,711,667
2024,712,667
2024,713,667
2024,714,667
2024,715,667
2024,716,667
2024,717,667
2024,718,667
2024,719,667
2024,720,667
2024,722,667
2024,723,667
2024,724,667
2024,725,667
2024,726,667
2024,727,667
2024,728,667
2024,730,667
2024,731,667
2024,732,667
2024,733,667
2024,734,667
2024,735,667
2024,736,667
2024,738,667
2024,739,667
2024,740,667
2024,741,667
2024,742,667
2024,744,667
2024,745,667
2024,746,667
2024,747,667
2024,748,667
2024,750,667
2024,751,667
2024,756,667
2024,757,667
2024,758,667
2024,759,667
2024,761,667
2024,762,667
2024,764,667
2024,766,667
2024,779,667
2024,781,667
2024,782,667
2024,783,667
2024,784,667
2024,785,667
2024,786,667
2024,797,667
2024,798,667
2024,799,667
2024,800,667
2024,801,667
2024,805,667
2024,809,667
2024,810,667
2024,811,667
2024,812,667
2024,813,667
2024,815,667
2024,830,667
2024,833,667
2024,848,667
2024,851,667
2024,853,667
2024,854,667
2024,855,667
2024,856,667
2024,857,667
2024,858,667
2024,859,667
2024,861,667
2024,865,667
2024,867,667
2024,868,667
2024,870,667
2024,871,667
2024,872,667
2024,875,667
2024,877,667
2024,879,667
2024,880,667
2024,881,667
2024,884,667
2024,895,667
2024,899,667
2024,901,667
2024,902,667
2024,903,667
2024,906,667
2024,907,667
2024,918,667
2024,939,667
2024,940,667
2024,944,667
2024,947,667
2024,948,667
2024,949,667
2024,950,667
2024,955,667
2024,956,667
2024,976,667
2024,994,667
2024,997,667
2024,998,667
2024,1002,667
2024,1005,667
2024,1007,667
2024,1011,667
2024,1012,667
2024,1013,667
2024,1014,667
2024,1015,667
2024,1016,667
2024,1017,667
2024,1018,667
2024,1019,667
2024,1023,667
2024,1025,667
2024,1026,667
2024,1027,667
2024,1028,667
2024,1063,667
2024,1068,667
2024,1072,667
2024,1073,667
2024,1077,667
2024,1078,667
2024,1079,667
2024,1080,667
2024,1083,667
2024,1084,667
2024,1085,667
2024,1087,667
2024,1088,667
2024,1089,667
2024,1110,667
2024,1120,667
2024,1121,667
2024,1122,667
2024,1123,667
2024,1124,667
2024,1125,667
2024,1126,667
2024,1127,667
2024,1129,667
2024,1131,667
2024,1132,667
2024,1133,667
2024,1136,667
2024,1137,667
2024,1138,667
2024,1144,667
2024,1147,667
2024,1150,667
2024,1152,667
2024,1153,667
2024,1157,667
2024,1158,667
2024,1163,667
2024,1164,667
2024,1165,667
2024,1166,667
2024,1168,667
2024,1171,667
2024,1172,667
2024,1176,667
2024,1182,667
2024,1211,667
2024,1223,667
2024,1230,667
2024,1234,667
2024,1235,667
2024,1236,667
2024,1237,667
2024,1238,667
2024,1239,667
2024,1241,667
2024,1244,667
2024,1245,667
2024,1246,667
2024,1247,667
2024,1248,667
2024,1249,667
2024,1251,667
2024,1252,667
2024,1253,667
2024,1257,667
2024,1261,667
2024,1263,667
2024,1264,667
2024,1267,667
2024,1271,667
2024,1272,667
2024,1274,667
2024,1277,667
2024,1278,667
2024,1279,667
2024,1280,667
2024,1284,667
2024,1286,667
2024,1288,667
2024,1291,667
2024,1296,667
2024,1297,667
2024,1298,667
2024,1299,667
2024,1300,667
2024,1301,667
2024,1302,667
2024,1303,667
2024,1304,667
2024,1305,667
2024,1307,667
2024,1311,667
2024,1313,667
2024,1314,667
2024,1315,667
2024,1316,667
2024,1317,667
2024,1318,667
2024,1319,667
2024,1320,667
2024,1321,667
2024,1322,667
2024,1323,667
2024,1324,667
2024,1325,667
2024,1326,667
2024,1327,667
2024,1328,667
2024,1329,667
2024,1330,667
2024,1331,667
2024,1332,667
2024,1333,667
2024,1334,667
2024,1335,667
2024,1336,667
2024,1337,667
2024,1338,667
2024,1339,667
2024,1340,667
2024,1341,667
2024,1342,667
2024,1343,667
2024,1345,667
2024,1346,667
2024,1347,667
2024,1348,667
2024,1349,667
2024,1350,667
2024,1351,667
2024,1352,667
2024,1353,667
2024,1354,667
2024,1355,667
2024,1356,667
2024,1357,667
2024,1358,667
2024,1359,667
2024,1360,667
2024,1361,667
2024,1362,667
2024,1363,667
2024,1364,667
2024,1365,667
2024,1366,667
2024,1367,667
2024,1368,667
2024,1369,667
2024,1370,667
2024,1371,667
2024,1372,667
2024,1373,667
2024,1374,667
2024,1375,667
2024,1376,667
2024,1377,667
2024,1378,667
2024,1379,667
2024,1380,667
2024,1381,667
2024,1382,667
2024,1383,667
2024,1384,667
2024,1385,667
2024,1386,667
2024,1387,667
2024,1388,667
2024,1389,667
2024,1390,667
2024,1391,667
2024,1393,667
2024,1394,667
2024,1395,667
2024,1396,667
2024,1397,667
2024,1398,667
2024,1399,667
2024,1400,667
2024,1401,667
2024,1402,667
2024,1404,667
2024,1405,667
2024,1406,667
2024,1409,667
2024,1410,667
2024,1412,667
2024,1416,667
2024,1418,667
2024,1419,667
2024,1420,667
2024,1421,667
2024,1422,667
2024,1423,667
2024,1424,667
2024,1426,667
2024,1427,667
2024,1428,667
2024,1430,667
2024,1460,667
2024,1466,667
2024,1471,667
2024,1472,667
2024,1475,667
2024,1477,667
2024,1480,667
2024,1481,667
2024,1487,667
2024,1579,667
2024,1581,667
2024,1584,667
2024,1586,667
2024,1591,667
2024,1595,667
2024,1596,667
2024,1597,667
2024,1598,667
2024,1599,667
2024,1600,667
2024,1601,667
2024,1602,667
2024,1603,667
2024,1604,667
2024,1605,667
2024,1606,667
2024,1607,667
2024,1608,667
2024,1609,667
2024,1610,667
2024,1611,667
2024,1612,667
2024,1613,667
2024,1614,667
2024,1615,667
2024,1616,667
2024,1617,667
2024,1618,667
2024,1619,667
2024,1620,667
2024,1621,667
2024,1622,667
2024,1623,667
2024,1624,667
2024,1625,667
2024,1626,667
2024,1627,667
2024,1628,667
2024,1629,667
2024,1630,667
2024,1631,667
2024,1632,667
2024,1634,667
2024,1635,667
2024,1636,667
2024,1637,667
2024,1638,667
2024,1639,667
2024,1643,667
2024,1646,667
2024,1647,667
2024,1648,667
2024,1649,667
2024,1650,667
2024,1651,667
2024,1652,667
2024,1655,667
2024,1656,667
2024,1657,667
2024,1658,667
2024,1659,667
2024,1660,667
2024,1661,667
2024,1662,667
2024,1663,667
2024,1687,667
2024,1688,667
2024,1689,667
2024,1693,667
2024,1707,667
2024,1708,667
2024,1709,667
2024,1710,667
2024,1712,667
2024,1715,667
2024,1818,667
2024,1819,667
2024,1820,667
2024,1821,667
2024,1822,667
2024,1823,667
2024,1824,667
2024,1825,667
2024,1826,667
2024,1827,667
2024,1828,667
2024,1829,667
2024,1830,667
2024,1831,667
2024,1832,667
2024,1834,667
2024,1835,667
2024,1836,667
2024,1837,667
2024,1838,667
2024,1839,667
2024,1840,667
2024,1841,667
2024,1842,667
2024,1843,667
2024,1844,667
2024,1928,667
2024,1984,667
2024,1993,667
2024,1994,667
2024,1995,667
2024,1998,667
2024,2000,667
2024,2001,667
2024,2004,667
2024,2006,667
2024,2010,667
2024,2011,667
2024,2012,667
2024,2014,667
2024,2015,667
2024,2031,667
2024,2032,667
2024,2033,667
2024,2034,667
2024,2036,667
2024,2038,667
2024,2039,667
2024,2040,667
2024,2060,667
2024,2061,667
2024,2062,667
2024,2063,667
2024,2064,667
2024,2065,667
2024,2066,667
2024,2067,667
2024,2068,667
2024,2069,667
2024,2070,667
2024,2071,667
2024,2072,667
2024,2073,667
2024,2074,667
2024,2075,667
2024,2076,667
2024,2077,667
2024,2078,667
2024,2080,667
2024,2082,667
2024,2085,667
2024,2095,667
2024,2096,667
2024,2099,667
2024,2110,667
2024,2113,667
2024,2142,667
2024,2143,667
2024,2144,667
2024,2145,667
2024,2146,667
2024,2147,667
2024,2148,667
2024,2149,667
2024,2150,667
2024,2151,667
2024,2152,667
2024,2153,667
2024,2154,667
2024,2155,667
2024,2156,667
2024,2157,667
2024,2158,667
2024,2159,667
2024,2161,667
2024,2162,667
2024,2163,667
2024,2165,667
2024,2166,667
2024,2167,667
2024,2168,667
2024,2169,667
2024,2170,667
2024,2171,667
2024,2172,667
2024,2173,667
2024,2174,667
2024,2175,667
2024,2176,667
2024,2177,667
2024,2179,667
2024,2180,667
2024,2182,667
2024,2183,667
2024,2184,667
2024,2185,667
2024,2186,667
2024,2188,667
2024,2191,667
2024,2192,667
2024,2194,667
2024,2200,667
2024,2201,667
2024,2230,667
2024,2235,667
2024,2236,667
2024,2239,667
2024,2240,667
2024,2241,667
2024,2242,667
2024,2243,667
2024,2246,667
2024,2247,667
2024,2248,667
2024,2250,667
2024,2251,667
2024,2253,667
2024,2254,667
2024,2255,667
2024,2257,667
2024,2258,667
2024,2259,667
2024,2262,667
2024,2264,667
2024,2265,667
2024,2266,667
2024,2269,667
2024,2270,667
2024,2271,667
2024,2273,667
2024,2274,667
2024,2275,667
2024,2276,667
2024,2277,667
2024,2278,667
2024,2280,667
2024,2282,667
2024,2283,667
2024,2284,667
2024,2285,667
2024,2287,667
2024,2288,667
2024,2290,667
2024,2292,667
2024,2295,667
2024,2297,667
2024,2298,667
2024,2307,667
2024,2312,667
2024,2315,667
2024,2316,667
2024,2317,667
2024,2320,667
2024,2321,667
2024,2323,667
2024,2325,667
2024,2328,667
2024,2330,667
2024,2336,667
2024,2337,667
2024,2344,667
2024,2348,667
2024,2350,667
2024,2351,667
2024,2352,667
2024,2356,667
2024,2358,667
2024,2362,667
2024,2369,667
2024,2370,667
2024,2389,667
2024,2390,667
2024,2391,667
2024,2392,667
2024,2393,667
2024,2394,667
2024,2396,667
2024,2398,667
2024,2399,667
2024,2400,667
2024,2401,667
2024,2402,667
2024,2403,667
2024,2404,667
2024,2406,667
2024,2407,667
2024,2409,667
2024,2410,667
2024,2411,667
2024,2412,667
2024,2413,667
2024,2414,667
2024,2415,667
2024,2416,667
2024,2418,667
2024,2419,667
2024,2420,667
2024,2433,667
2024,2448,667
2024,2472,667
2024,2475,667
2024,2505,667
2024,2523,667
2024,2524,667
2024,2540,667
2024,2541,667
2024,2544,667
2024,2546,667
2024,2553,667
2024,2554,667
2024,2578,667
2024,2579,667
2024,2580,667
2024,2581,667
2024,2583,667
2024,2585,667
2024,2586,667
2024,2589,667
2024,2592,667
2024,2594,667
2024,2596,667
2024,2598,667
2024,2599,667
2024,2600,667
2024,2604,667
2024,2606,667
2024,2610,667
2024,2616,667
2024,2618,667
2024,2631,667
2024,2633,667
2024,2636,667
2024,2637,667
2024,2641,667
2024,2642,667
2024,2643,667
2024,2644,667
2024,2646,667
2024,2647,667
2024,2649,667
2024,2651,667
2024,2653,667
2024,2655,667
2024,2656,667
2024,2657,667
2024,2658,667
2024,2659,667
2024,2694,667
2024,2697,667
2024,2699,667
2024,2700,667
2024,2714,667
2024,2719,667
2024,2737,667
2024,2742,667
2024,2746,667
2024,2750,667
2024,2762,667
2024,2766,667
2024,2769,667
2024,2772,667
2024,2807,667
2024,2808,667
2024,2810,667
2024,2811,667
2024,2813,667
2024,2825,667
2024,2827,667
2024,2840,667
2024,2860,667
2024,2868,667
2024,2870,667
2024,2871,667
2024,2872,667
2024,2874,667
2024,2875,667
2024,2876,667
2024,2877,667
2024,2895,667
2024,2897,667
2024,2899,667
2024,2900,667
2024,2904,667
2024,2905,667
2024,2907,667
2024,2908,667
2024,2916,667
2024,2929,667
2024,2931,667
2024,2932,667
2024,2933,667
2024,2934,667
2024,2935,667
2024,2936,667
2024,2937,667
2024,2938,667
2024,2939,667
2024,2940,667
2024,2944,667
2024,2956,667
2024,2977,667
2024,2994,667
2024,3012,667
2024,3022,667
2024,3026,667
2024,3027,667
2024,3036,667
2024,3069,667
2024,3097,667
2024,3108,667
2024,3125,667
2024,3131,667
2024,3138,667
2024,3176,667
2024,3179,667
2024,3181,667
2024,3182,667
2024,3200,667
2024,3220,667
2024,3221,667
2024,3228,667
2024,3243,667
2024,3267,667
2024,3277,667
2024,3325,667
2024,3327,667
2024,3383,667
2024,3384,667
2024,3387,667
2024,3388,667
2024,3393,667
2024,3395,667
2024,3396,667
2024,3398,667
2024,3399,667
2024,3401,667
2024,3402,667
2024,3403,667
2024,3404,667
2024,3406,667
2024,3408,667
2024,3409,667
2024,3412,667
2024,3413,667
2024,3416,667
2024,3425,667
2024,3427,667
2024,3435,667
2024,3466,667
2024,3475,667
2024,3478,667
2024,3482,667
2024,3483,667
2024,3484,667
2024,3485,667
2024,3486,667
2024,3487,667
2024,3488,667
2024,3489,667
2024,3490,667
2024,3491,667
2024,3492,667
2024,3493,667
2024,3494,667
2024,3495,667
2024,3496,667
2024,3497,667
2024,3498,667
2024,3502,667
2024,3504,667
2024,3507,667
2024,3511,667
2024,3516,667
2024,3517,667
2024,3518,667
2024,3522,667
2024,3524,667
2024,3525,667
2024,3526,667
2024,3527,667
2024,3528,667
2024,3529,667
2024,3530,667
2024,3532,667
2024,3537,667
2024,3548,667
2024,3549,667
2024,3551,667
2024,3552,667
2024,3553,667
2024,3554,667
2024,3563,667
2024,3567,667
2024,3575,667
2024,3577,667
2024,3578,667
2024,3579,667
2024,3589,667
2024,3590,667
2024,3602,667
2024,3603,667
2024,3606,667
2024,3609,667
2024,3613,667
2024,3615,667
2024,3617,667
2024,3619,667
2024,3620,667
2024,3623,667
2024,3625,667
2024,3627,667
2024,3628,667
2024,3630,667
2024,3631,667
2024,3632,667
2024,3670,667
2024,3672,667
2024,3673,667
2024,3674,667
2024,3681,667
2024,3683,667
2024,3684,667
2024,3695,667
2024,3701,667
2024,3702,667
2024,3707,667
2024,3709,667
2024,3711,667
2024,3713,667
2024,3714,667
2024,3715,667
2024,3716,667
2024,3717,667
2024,3718,667
2024,3719,667
2024,3720,667
2024,3722,667
2024,3723,667
2024,3724,667
2024,3725,667
2024,3726,667
2024,3727,667
2024,3728,667
2024,3729,667
2024,3730,667
2024,3731,667
2024,3732,667
2024,3733,667
2024,3734,667
2024,3735,667
2024,3736,667
2024,3740,667
2024,3741,667
2024,3742,667
2024,3744,667
2024,3745,667
2024,3747,667
2024,3748,667
2024,3751,667
2024,3788,667
2024,3797,667
2024,3802,667
2024,3823,667
2024,3840,667
2024,3841,667
2024,3842,667
2024,3843,667
2024,3845,667
2024,3846,667
2024,3847,667
2024,3850,667
2024,3851,667
2024,3853,667
2024,3854,667
2024,3855,667
2024,3856,667
2024,3857,667
2024,3858,667
2024,3859,667
2024,3860,667
2024,3861,667
2024,3864,667
2024,3865,667
2024,3870,667
2024,3872,667
2024,3874,667
2024,3884,667
2024,3886,667
2024,3899,667
2024,3904,667
2024,3907,667
2024,3909,667
2024,3911,667
2024,3932,667
2024,3983,667
2024,3984,667
2024,3985,667
2024,3989,667
2024,3990,667
2024,3995,667
2024,3999,667
2024,4000,667
2024,4001,667
2024,4009,667
2024,4015,667
2024,4017,667
2024,4021,667
2024,4132,667
2024,4134,667
2024,4135,667
2024,4139,667
2024,4143,667
2024,4144,667
2024,4149,667
2024,4153,667
2024,4158,667
2024,4159,667
2024,4160,667
2024,4194,667
2024,4196,667
2024,4197,667
2024,4199,667
2024,4200,667
2024,4201,667
2024,4203,667
2024,4204,667
2024,4205,667
2024,4206,667
2024,4208,667
2024,4209,667
2024,4210,667
2024,4214,667
2024,4215,667
2024,4216,667
2024,4217,667
2024,4219,667
2024,4220,667
2024,4221,667
2024,4223,667
2024,4224,667
2024,4225,667
2024,4246,667
2024,4247,667
2024,4248,667
2024,4249,667
2024,4250,667
2024,4251,667
2024,4252,667
2024,4254,667
2024,4255,667
2024,4256,667
2024,4257,667
2024,4259,667
2024,4260,667
2024,4261,667
2024,4262,667
2024,4263,667
2024,4265,667
2024,4266,667
2024,4268,667
2024,4269,667
2024,4315,667
2024,4317,667
2024,4318,667
2024,4319,667
2024,4321,667
2024,4322,667
2024,4323,667
2024,4324,667
2024,4326,667
2024,4328,667
2024,4329,667
2024,4331,667
2024,4332,667
2024,4333,667
2024,4334,667
2024,4338,667
2024,4340,667
2024,4345,667
2024,4346,667
2024,4348,667
2024,4349,667
2024,4353,667
2024,4354,667
2024,4358,667
2024,4359,667
2024,4360,667
2024,4363,667
2024,4364,667
2024,4365,667
2024,4366,667
2024,4367,667
2024,4370,667
2024,4373,667
2024,4374,667
2024,4375,667
2024,4376,667
2024,4377,667
2024,4378,667
2024,4379,667
2024,4381,667
2024,4453,667
2024,4482,667
2024,4483,667
2024,4488,667
2024,4489,667
2024,4490,667
2024,4491,667
2024,4492,667
2024,4493,667
2024,4495,667
2024,4497,667
2024,4499,667
2024,4500,667
2024,4501,667
2024,4503,667
2024,4505,667
2024,4507,667
2024,4508,667
2024,4509,667
2024,4554,667
2024,4562,667
2024,4563,667
2024,4564,667
2024,4566,667
2024,4602,667
2024,4605,667
2024,4622,667
2024,4625,667
2024,4626,667
2024,4627,667
2024,4628,667
2024,4633,667
2024,4634,667
2024,4637,667
2024,4658,667
2024,4659,667
2024,4660,667
2024,4662,667
2024,4665,667
2024,4666,667
2024,4667,667
2024,4668,667
2024,4669,667
2024,4674,667
2024,4676,667
2024,4677,667
2024,4678,667
2024,4679,667
2024,4680,667
2024,4682,667
2024,4683,667
2024,4684,667
2024,4685,667
2024,4686,667
2024,4687,667
2024,4688,667
2024,4689,667
2024,4690,667
2024,4691,667
2024,4692,667
2024,4694,667
2024,4695,667
2024,4696,667
2024,4697,667
2024,4699,667
2024,4700,667
2024,4701,667
2024,4702,667
2024,4703,667
2024,4704,667
2024,4706,667
2024,4707,667
2024,4708,667
2024,4709,667
2024,4710,667
2024,4711,667
2024,4712,667
2024,4713,667
2024,4714,667
2024,4715,667
2024,4716,667
2024,4718,667
2024,4724,667
2024,4727,667
2024,4733,667
2024,4744,667
2024,4754,667
2024,4758,667
2024,4776,667
2024,4778,667
2024,4792,667
2024,4799,667
2024,4801,667
2024,4859,667
2024,4872,667
2024,4905,667
2024,4906,667
2024,4907,667
2024,4909,667
2024,4934,667
2024,4935,667
2024,4937,667
2024,4940,667
2024,4941,667
2024,4942,667
2024,4945,667
2024,4946,667
2024,4947,667
2024,4948,667
2024,4951,667
2024,4952,667
2024,4953,667
2024,4954,667
2024,4955,667
2024,4956,667
2024,4957,667
2024,4959,667
2024,4961,667
2024,4962,667
2024,4965,667
2024,4966,667
2024,4967,667
2024,4972,667
2024,4978,667
2024,4979,667
2024,4980,667
2024,4981,667
2024,4983,667
2024,4984,667
2024,4990,667
2024,4993,667
2024,4994,667
2024,4996,667
2024,5000,667
2024,5004,667
2024,5007,667
2024,5008,667
2024,5023,667
2024,5046,667
2024,5056,667
2024,5070,667
2024,5071,667
2024,5073,667
2024,5074,667
2024,5081,667
2024,5082,667
2024,5083,667
2024,5085,667
2024,5087,667
2024,5089,667
2024,5090,667
2024,5093,667
2024,5097,667
2024,5101,667
2024,5102,667
2024,5104,667
2024,5111,667
2024,5112,667
2024,5113,667
2024,5115,667
2024,5123,667
2024,5127,667
2024,5128,667
2024,5131,667
2024,5136,667
2024,5137,667
2024,5138,667
2024,5139,667
2024,5143,667
2024,5145,667
2024,5147,667
2024,5149,667
2024,5153,667
2024,5237,667
2024,5250,667
2024,5251,667
2024,5253,667
2024,5254,667
2024,5256,667
2024,5259,667
2024,5262,667
2024,5264,667
2024,5265,667
2024,5266,667
2024,5267,667
2024,5268,667
2024,5269,667
2024,5271,667
2024,5273,667
2024,5275,667
2024,5277,667
2024,5278,667
2024,5279,667
2024,5280,667
2024,5281,667
2024,5282,667
2024,5283,667
2024,5338,667
2024,5339,667
2024,5340,667
2024,5341,667
2024,5342,667
2024,5343,667
2024,5344,667
2024,5345,667
2024,5346,667
2024,5347,667
2024,5348,667
2024,5349,667
2024,5350,667
2024,5351,667
2024,5352,667
2024,5353,667
2024,5354,667
2024,5355,667
2024,5372,667
2024,5375,667
2024,5376,667
2024,5380,667
2024,5384,667
2024,5416,667
2024,5431,667
2024,5488,667
2024,5499,667
2024,5503,667
2024,5611,667
2024,5616,667
2024,5621,667
2024,5648,667
2024,5705,667
2024,5708,667
2024,5710,667
2024,5711,667
2024,5722,667
2024,5725,667
2024,5740,667
2024,5755,667
2024,5756,667
2024,5767,667
2024,5791,667
2024,5802,667
2024,5805,667
2024,5806,667
2024,5813,667
2024,5815,667
2024,5817,667
2024,5825,667
2024,5836,667
2024,5841,667
2024,5847,667
2024,5853,667
2024,5871,667
2024,5883,667
2024,5884,667
2024,5890,667
2024,5894,667
2024,5902,667
2024,5907,667
2024,5908,667
2024,5914,667
2024,5927,667
2024,5930,667
2024,5931,667
2024,5942,667
2024,5951,667
2024,5957,667
2024,5964,667
2024,5970,667
2024,6001,667
2024,6004,667
2024,6006,667
2024,6009,667
2024,6012,667
2024,6018,667
2024,6021,667
2024,6026,667
2024,6027,667
2024,6028,667
2024,6034,667
2024,6038,667
2024,6040,667
2024,6042,667
2024,6044,667
2024,6045,667
2024,6046,667
2024,6052,667
2024,6063,667
2024,6064,667
2024,6065,667
2024,6068,667
2024,6069,667
2024,6075,667
2024,6118,667
2024,6119,667
2024,6159,667
2024,6160,667
2024,6181,667
2024,6192,667
2024,6207,667
2024,6214,667
2024,6215,667
2024,6216,667
2024,6217,667
2024,6218,667
2024,6219,667
2024,6220,667
2024,6221,667
2024,6222,667
2024,6224,667
2024,6227,667
2024,6229,667
2024,6230,667
2024,6231,667
2024,6232,667
2024,6246,667
2024,6255,667
2024,6256,667
2024,6260,667
2024,6262,667
2024,6269,667
2024,6343,667
2024,6358,667
2024,6362,667
2024,6367,667
2024,6369,667
2024,6379,667
2024,6380,667
2024,6389,667
2024,6390,667
2024,6411,667
2024,6483,667
2024,6486,667
2024,6489,667
2024,6493,667
2024,6494,667
2024,6496,667
2024,6497,667
2024,6501,667
2024,6538,667
2024,6615,667
2024,6616,667
2024,6618,667
2024,6621,667
2024,6630,667
2024,6646,667
2024,6648,667
2024,6650,667
2024,6652,667
2024,6653,667
2024,6654,667
2024,6657,667
2024,6662,667
2024,6663,667
2024,6667,667
2024,6670,667
2024,6674,667
2024,6675,667
2024,6676,667
2024,6682,667
2024,6686,667
2024,6687,667
2024,6692,667
2024,6693,667
2024,6694,667
2024,6697,667
2024,6698,667
2024,6699,667
2024,6700,667
2024,6701,667
2024,6702,667
2024,6703,667
2024,6705,667
2024,6706,667
2024,6708,667
2024,6718,667
2024,6724,667
2024,6728,667
2024,6729,667
2024,6731,667
2024,6744,667
2024,6748,667
2024,6749,667
2024,6756,667
2024,6757,667
2024,6759,667
2024,6760,667
2024,6762,667
2024,6763,667
2024,6764,667
2024,6765,667
2024,6766,667
2024,6767,667
2024,6768,667
2024,6769,667
2024,6771,667
2024,6773,667
2024,6777,667
2024,6778,667
2024,6781,667
2024,6784,667
2024,6785,667
2024,6786,667
2024,6787,667
2024,6790,667
2024,6791,667
2024,6795,667
2024,6798,667
2024,6801,667
2024,6811,667
2024,6812,667
2024,6813,667
2024,6815,667
2024,6819,667
2024,6822,667
2024,6823,667
2024,6829,667
2024,6830,667
2024,6831,667
2024,6833,667
2024,6834,667
2024,6837,667
2024,6841,667
2024,6842,667
2024,6852,667
2024,6853,667
2024,6883,667
2024,6886,667
2024,6892,667
2024,6898,667
2024,6910,667
2024,6914,667
2024,6916,667
2024,6927,667
2024,6932,667
2024,6936,667
2024,6937,667
2024,6938,667
2024,6939,667
2024,6941,667
2024,6942,667
2024,6943,667
2024,6944,667
2024,6945,667
2024,6947,667
2024,6948,667
2024,6950,667
2024,6951,667
2024,6953,667
2024,6954,667
2024,6955,667
2024,6956,667
2024,6957,667
2024,6958,667
2024,6960,667
2024,6961,667
2024,6962,667
2024,6963,667
2024,6964,667
2024,6965,667
2024,6967,667
2024,6970,667
2024,6976,667
2024,6978,667
2024,6980,667
2024,6982,667
2024,6985,667
2024,6986,667
2024,6987,667
2024,6991,667
2024,6992,667
2024,6993,667
2024,6998,667
2024,7001,667
2024,7004,667
2024,7005,667
2024,7006,667
2024,7007,667
2024,7008,667
2024,7012,667
2024,7014,667
2024,7015,667
2024,7020,667
2024,7025,667
2024,7028,667
2024,7030,667
2024,7031,667
2024,7033,667
2024,7037,667
2024,7039,667
2024,7040,667
2024,7043,667
2024,7044,667
2024,7046,667
2024,7047,667
2024,7052,667
2024,7117,667
2024,7123,667
2024,7127,667
2024,7137,667
2024,7138,667
2024,7145,667
2024,7150,667
2024,7151,667
2024,7189,667
2024,7191,667
2024,7192,667
2024,7197,667
2024,7198,667
2024,7199,667
2024,7201,667
2024,7202,667
2024,7203,667
2024,7205,667
2024,7206,667
2024,7207,667
2024,7208,667
2024,7215,667
2024,7216,667
2024,7219,667
2024,7222,667
2024,7224,667
2024,7226,667
2024,7229,667
2024,7232,667
2024,7233,667
2024,7236,667
2024,7237,667
2024,7238,667
2024,7239,667
2024,7241,667
2024,7242,667
2024,7244,667
2024,7247,667
2024,7250,667
2024,7251,667
2024,7253,667
2024,7256,667
2024,7258,667
2024,7259,667
2024,7261,667
2024,7264,667
2024,7265,667
2024,7266,667
2024,7267,667
2024,7268,667
2024,7269,667
2024,7270,667
2024,7271,667
2024,7273,667
2024,7274,667
2024,7276,667
2024,7277,667
2024,7280,667
2024,7281,667
2024,7282,667
2024,7285,667
2024,7288,667
2024,7289,667
2024,7290,667
2024,7291,667
2024,7293,667
2024,7295,667
2024,7296,667
2024,7297,667
2024,7299,667
2024,7300,667
2024,7303,667
2024,7304,667
2024,7306,667
2024,7307,667
2024,7308,667
2024,7309,667
2024,7310,667
2024,7312,667
2024,7315,667
2024,7317,667
2024,7318,667
2024,7319,667
2024,7320,667
2024,7322,667
2024,7330,667
2024,7334,667
2024,7335,667
2024,7336,667
2024,7337,667
2024,7339,667
2024,7342,667
2024,7345,667
2024,7347,667
2024,7348,667
2024,7349,667
2024,7350,667
2024,7351,667
2024,7355,667
2024,7356,667
2024,7358,667
2024,7360,667
2024,7361,667
2024,7362,667
2024,7363,667
2024,7366,667
2024,7367,667
2024,7369,667
2024,7370,667
2024,7371,667
2024,7372,667
2024,7373,667
2024,7374,667
2024,7376,667
2024,7377,667
2024,7378,667
2024,7379,667
2024,7381,667
2024,7382,667
2024,7384,667
2024,7386,667
2024,7389,667
2024,7411,667
2024,7431,667
2024,7432,667
2024,7434,667
2024,7435,667
2024,7437,667
2024,7439,667
2024,7441,667
2024,7443,667
2024,7444,667
2024,7445,667
2024,7446,667
2024,7448,667
2024,7450,667
2024,7451,667
2024,7453,667
2024,7466,667
2024,7469,667
2024,7488,667
2024,7492,667
2024,7521,667
2024,7522,667
2024,7536,667
2024,7538,667
2024,7541,667
2024,7544,667
2024,7546,667
2024,7555,667
2024,7557,667
2024,7561,667
2024,7569,667
2024,7573,667
2024,7581,667
2024,7610,667
2024,7612,667
2024,7615,667
2024,7616,667
2024,7617,667
2024,7619,667
2024,7620,667
2024,7622,667
2024,7623,667
2024,7624,667
2024,7627,667
2024,7629,667
2024,7631,667
2024,7632,667
2024,7634,667
2024,7635,667
2024,7636,667
2024,7639,667
2024,7640,667
2024,7641,667
2024,7642,667
2024,7643,667
2024,7644,667
2024,7645,667
2024,7648,667
2024,7651,667
2024,7654,667
2024,7656,667
2024,7657,667
2024,7658,667
2024,7659,667
2024,7660,667
2024,7661,667
2024,7662,667
2024,7663,667
2024,7665,667
2024,7667,667
2024,7669,667
2024,7670,667
2024,7671,667
2024,7674,667
2024,7676,667
2024,7677,667
2024,7678,667
2024,7679,667
2024,7680,667
2024,7690,667
2024,7691,667
2024,7692,667
2024,7693,667
2024,7694,667
2024,7695,667
2024,7696,667
2024,7697,667
2024,7698,667
2024,7699,667
2024,7701,667
2024,7703,667
2024,7704,667
2024,7705,667
2024,7706,667
2024,7707,667
2024,7708,667
2024,7710,667
2024,7711,667
2024,7712,667
2024,7714,667
2024,7715,667
2024,7716,667
2024,7717,667
2024,7720,667
2024,7722,667
2024,7723,667
2024,7724,667
2024,7725,667
2024,7726,667
2024,7727,667
2024,7728,667
2024,7729,667
2024,7730,667
2024,7731,667
2024,7732,667
2024,7733,667
2024,7734,667
2024,7735,667
2024,7737,667
2024,7738,667
2024,7740,667
2024,7741,667
2024,7742,667
2024,7743,667
2024,7744,667
2024,7745,667
2024,7746,667
2024,7747,667
2024,7748,667
2024,7749,667
2024,7750,667
2024,7751,667
2024,7752,667
2024,7753,667
2024,7754,667
2024,7756,667
2024,7757,667
2024,7758,667
2024,7759,667
2024,7760,667
2024,7761,667
2024,7762,667
2024,7798,667
2024,7802,667
2024,7808,667
2024,7829,667
2024,7846,667
2024,7848,667
2024,7972,667
2024,8020,667
2024,8023,667
2024,8074,667
2024,8146,667
2024,8147,667
2024,8149,667
2024,8151,667
2024,8157,667
2024,8160,667
2024,8247,667
2024,8248,667
2024,8250,667
2024,8251,667
2024,8253,667
2024,8255,667
2024,8256,667
2024,8257,667
2024,8258,667
2024,8259,667
2024,8260,667
2024,8261,667
2024,8265,667
2024,8266,667
2024,8267,667
2024,8271,667
2024,8272,667
2024,8281,667
2024,8284,667
2024,8287,667
2024,8288,667
2024,8289,667
2024,8293,667
2024,8296,667
2024,8299,667
2024,8305,667
2024,8311,667
2024,8318,667
2024,8320,667
2024,8321,667
2024,8323,667
2024,8324,667
2024,8325,667
2024,8326,667
2024,8327,667
2024,8329,667
2024,8331,667
2024,8332,667
2024,8333,667
2024,8336,667
2024,8338,667
2024,8342,667
2024,8344,667
2024,8348,667
2024,8350,667
2024,8359,667
2024,8362,667
2024,8365,667
2024,8366,667
2024,8367,667
2024,8368,667
2024,8371,667
2024,8372,667
2024,8373,667
2024,8437,667
2024,8456,667
2024,8461,667
2024,8476,667
2024,8519,667
2024,8528,667
2024,8530,667
2024,8531,667
2024,8540,667
2024,8543,667
2024,8547,667
2024,8548,667
2024,8550,667
2024,8580,667
2024,8584,667
2024,8593,667
2024,8596,667
2024,8599,667
2024,8605,667
2024,8617,667
2024,8618,667
2024,8619,667
2024,8620,667
2024,8621,667
2024,8622,667
2024,8623,667
2024,8624,667
2024,8625,667
2024,8629,667
2024,8631,667
2024,8633,667
2024,8634,667
2024,8635,667
2024,8636,667
2024,8640,667
2024,8641,667
2024,8642,667
2024,8645,667
2024,8648,667
2024,8650,667
2024,8651,667
2024,8653,667
2024,8654,667
2024,8655,667
2024,8656,667
2024,8657,667
2024,8659,667
2024,8660,667
2024,8661,667
2024,8662,667
2024,8663,667
2024,8664,667
2024,8665,667
2024,8666,667
2024,8667,667
2024,8682,667
2024,8685,667
2024,8686,667
2024,8690,667
2024,8692,667
2024,8693,667
2024,8698,667
2024,8699,667
2024,8707,667
2024,8709,667
2024,8711,667
2024,8712,667
2024,8713,667
2024,8720,667
2024,8727,667
2024,8730,667
2024,8737,667
2024,8745,667
2024,8752,667
2024,8753,667
2024,8754,667
2024,8759,667
2024,8767,667
2024,8771,667
2024,8776,667
2024,8778,667
2024,8780,667
2024,8782,667
2024,8783,667
2024,8785,667
2024,8786,667
2024,8789,667
2024,8796,667
2024,8797,667
2024,8799,667
2024,8808,667
2024,8810,667
2024,8811,667
2024,8812,667
2024,8822,667
2024,8837,667
2024,8840,667
2024,8845,667
2024,8853,667
2024,8856,667
2024,8859,667
2024,8862,667
2024,8866,667
2024,8867,667
2024,8869,667
2024,8880,667
2024,8882,667
2024,8888,667
2024,8889,667
2024,8896,667
2024,8902,667
2024,8903,667
2024,8908,667
2024,8909,667
2024,8914,667
2024,8918,667
2024,8924,667
2024,8928,667
2024,8929,667
2024,8932,667
2024,8936,667
2024,8945,667
2024,8953,667
2024,8955,667
2024,8962,667
2024,8966,667
2024,8981,667
2024,8982,667
2024,8986,667
2024,8992,667
2024,8993,667
2024,8999,667
2024,9011,667
2024,9030,667
2024,9130,667
2024,9132,667
2024,9133,667
2024,9134,667
2024,9136,667
2024,9138,667
2024,9160,667
2024,9165,667
2024,9167,667
2024,9172,667
2024,9173,667
2024,9175,667
2024,9178,667
2024,9182,667
2024,9187,667
2024,9188,667
2024,9189,667
2024,9190,667
2024,9192,667
2024,9195,667
2024,9198,667
2024,9199,667
2024,9201,667
2024,9203,667
2024,9209,667
2024,9218,667
2024,9227,667
2024,9238,667
2024,9244,667
2024,9258,667
2024,9259,667
2024,9260,667
2024,9272,667
2024,9275,667
2024,9313,667
2024,9322,667
2024,9323,667
2024,9324,667
2024,9325,667
2024,9326,667
2024,9327,667
2024,9328,667
2024,9329,667
2024,9330,667
2024,9331,667
2024,9332,667
2024,9334,667
2024,9335,667
2024,9336,667
2024,9337,667
2024,9338,667
2024,9340,667
2024,9341,667
2024,9342,667
2024,9343,667
2024,9344,667
2024,9345,667
2024,9346,667
2024,9347,667
2024,9349,667
2024,9350,667
2024,9351,667
2024,9352,667
2024,9353,667
2024,9354,667
2024,9355,667
2024,9356,667
2024,9358,667
2024,9359,667
2024,9360,667
2024,9361,667
2024,9362,667
2024,9363,667
2024,9364,667
2024,9365,667
2024,9366,667
2024,9367,667
2024,9368,667
2024,9369,667
2024,9370,667
2024,9371,667
2024,9372,667
2024,9373,667
2024,9375,667
2024,9380,667
2024,9381,667
2024,9382,667
2024,9383,667
2024,9384,667
2024,9385,667
2024,9386,667
2024,9387,667
2024,9388,667
2024,9389,667
2024,9390,667
2024,9392,667
2024,9393,667
2024,9394,667
2024,9396,667
2024,9397,667
2024,9398,667
2024,9400,667
2024,9401,667
2024,9403,667
2024,9404,667
2024,9406,667
2024,9407,667
2024,9409,667
2024,9410,667
2024,9411,667
2024,9412,667
2024,9413,667
2024,9416,667
2024,9418,667
2024,9419,667
2024,9433,667
2024,9445,667
2024,9456,667
2024,9458,667
2024,9460,667
2024,9465,667
2024,9469,667
2024,9471,667
2024,9472,667
2024,9485,667
2024,9487,667
2024,9499,667
2024,9510,667
2024,9534,667
2024,9556,667
2024,9568,667
2024,9569,667
2024,9570,667
2024,9571,667
2024,9572,667
2024,9575,667
2024,9576,667
2024,9577,667
2024,9578,667
2024,9579,667
2024,9580,667
2024,9581,667
2024,9582,667
2024,9583,667
2024,9584,667
2024,9586,667
2024,9587,667
2024,9588,667
2024,9589,667
2024,9590,667
2024,9591,667
2024,9592,667
2024,9593,667
2024,9594,667
2024,9595,667
2024,9596,667
2024,9597,667
2024,9598,667
2024,9599,667
2024,9600,667
2024,9601,667
2024,9604,667
2024,9605,667
2024,9610,667
2024,9611,667
2024,9612,667
2024,9617,667
2024,9619,667
2024,9627,667
2024,9632,667
2024,9633,667
2024,9643,667
2024,9653,667
2024,9658,667
2024,9675,667
2024,9681,667
2024,9682,667
2024,9683,667
2024,9686,667
2024,9688,667
2024,9690,667
2024,9691,667
2024,9692,667
2024,9710,667
2024,9712,667
2024,9714,667
2024,9715,667
2024,9717,667
2024,9719,667
2024,9722,667
2024,9723,667
2024,9724,667
2024,9725,667
2024,9728,667
2024,9736,667
2024,9738,667
2024,9741,667
2024,9742,667
2024,9758,667
2024,9770,667
2024,9771,667
2024,9791,667
2024,9793,667
2024,9802,667
2024,9811,667
2024,9820,667
2024,9821,667
2024,9823,667
2024,9833,667
2024,9855,667
2024,9856,667
2024,9858,667
2024,9860,667
2024,9861,667
2024,9862,667
2024,9867,667
2024,9877,667
2024,9879,667
2024,9887,667
2024,9891,667
2024,9900,667
2024,9901,667
2024,9908,667
2024,9911,667
2024,9930,667
2024,9931,667
2024,9932,667
2024,9959,667
2024,9973,667
2024,10009,667
2024,10027,667
2024,10037,667
2024,10059,667
2024,10061,667
2024,10075,667
2024,10077,667
2024,10113,667
2024,10124,667
2024,10137,667
2024,10139,667
2024,10140,667
2024,10155,667
2024,10157,667
2024,10158,667
2024,10159,667
2024,10162,667
2024,10164,667
2024,10199,667
2024,10244,667
2024,10320,667
2024,10405,667
2024,10406,667
2024,10407,667
2024,10409,667
2024,10410,667
2024,10511,667
2024,10513,667
2024,10533,667
2024,10534,667
2024,10535,667
2024,10536,667
2024,10537,667
2024,10538,667
2024,10540,667
2024,10542,667
2024,10543,667
2024,10544,667
2024,10545,667
2024,10546,667
2024,10547,667
2024,10548,667
2024,10550,667
2024,10552,667
2024,10553,667
2024,10555,667
2024,10557,667
2024,10586,667
2024,10587,667
2024,10590,667
2024,10591,667
2024,10598,667
2024,10667,667
2024,10669,667
2024,10673,667
2024,10696,667
2024,10862,667
2024,11109,667
2024,11110,667
2024,11111,667
2024,11112,667
2024,11113,667
2024,11114,667
2024,11115,667
2024,11117,667
2024,11118,667
2024,11119,667
2024,11120,667
2024,11198,667
2024,11215,667
2024,11219,667
2024,11225,667
2024,11229,667
2024,11230,667
2024,11282,667
2024,11289,667
2024,11298,667
2024,11328,667
2024,11354,667
2024,11437,667
2024,11566,667
2024,11627,667
2024,11639,667
2024,11659,667
2024,11661,667
2024,11663,667
2024,11664,667
2024,11665,667
2024,11666,667
2024,11670,667
2024,11671,667
2024,11674,667
2024,11675,667
2024,11691,667
2024,11700,667
2024,11701,667
2024,11707,667
2024,11729,667
2024,11739,667
2024,11749,667
2024,11757,667
2024,11760,667
2024,11784,667
2024,11802,667
2024,11856,667
2024,11858,667
2024,11859,667
2024,11860,667
2024,11861,667
2024,11885,667
2024,11906,667
2024,11907,667
2024,11911,667
2024,11936,667
2024,11938,667
2024,11974,667
2024,11986,667
2024,11993,667
2024,12006,667
2024,12013,667
2024,12023,667
2024,12042,667
2024,12080,667
2024,12086,667
2024,12101,667
2024,12147,667
2024,12255,667
2024,12260,667
2024,12312,667
2024,12316,667
2024,12319,667
2024,12329,667
2024,12335,667
2024,12338,667
2024,12345,667
2024,12352,667
2024,12356,667
2024,12360,667
2024,12452,667
2024,12457,667
2024,12459,667
2024,12570,667
2024,12571,667
2024,12575,667
2024,12578,667
2024,12585,667
2024,12586,667
2024,12592,667
2024,12593,667
2024,12596,667
2024,12601,667
2024,12608,667
2024,12614,667
2024,12617,667
2024,12620,667
2024,12622,667
2024,12653,667
2024,12657,667
2024,12692,667
2024,12693,667
2024,12695,667
2024,12697,667
2024,12698,667
2024,12699,667
2024,12700,667
2024,12702,667
2024,12710,667
2024,12711,667
2024,12712,667
2024,12713,667
2024,12717,667
2024,12718,667
2024,12724,667
2024,12726,667
2024,12727,667
2024,12728,667
2024,12731,667
2024,12733,667
2024,12735,667
2024,12736,667
2024,12737,667
2024,12738,667
2024,12739,667
2024,12742,667
2024,12744,667
2024,12745,667
2024,12747,667
2024,12750,667
2024,12751,667
2024,12754,667
2024,12755,667
2024,12756,667
2024,12757,667
2024,12759,667
2024,12761,667
2024,12762,667
2024,12763,667
2024,12764,667
2024,12767,667
2024,12768,667
2024,12773,667
2024,12774,667
2024,12776,667
2024,12777,667
2024,12779,667
2024,12780,667
2024,12782,667
2024,12783,667
2024,12784,667
2024,12786,667
2024,12788,667
2024,12790,667
2024,12792,667
2024,12794,667
2024,12796,667
2024,12797,667
2024,12798,667
2024,12800,667
2024,12801,667
2024,12804,667
2024,12806,667
2024,12807,667
2024,12808,667
2024,12809,667
2024,12811,667
2024,12812,667
2024,12814,667
2024,12815,667
2024,12816,667
2024,12817,667
2024,12818,667
2024,12820,667
2024,12821,667
2024,12822,667
2024,12824,667
2024,12825,667
2024,12827,667
2024,12829,667
2024,12831,667
2024,12832,667
2024,12833,667
2024,12834,667
2024,12835,667
2024,12837,667
2024,12839,667
2024,12844,667
2024,12845,667
2024,12846,667
2024,12847,667
2024,12848,667
2024,12849,667
2024,12851,667
2024,12853,667
2024,12855,667
2024,12858,667
2024,12859,667
2024,12862,667
2024,12864,667
2024,12865,667
2024,12867,667
2024,12868,667
2024,12869,667
2024,12873,667
2024,12874,667
2024,12876,667
2024,12877,667
2024,12878,667
2024,12880,667
2024,12881,667
2024,12885,667
2024,12886,667
2024,12888,667
2024,12889,667
2024,12890,667
2024,12891,667
2024,12892,667
2024,12893,667
2024,12894,667
2024,12896,667
2024,12897,667
2024,12898,667
2024,12900,667
2024,12901,667
2024,12902,667
2024,12911,667
2024,12939,667
2024,12941,667
2024,13149,667
2024,13151,667
2024,13152,667
2024,13153,667
2024,13154,667
2024,13159,667
2024,13223,667
2024,13474,667
2024,13552,667
2024,13563,667
2024,13575,667
2024,13618,667
2024,13704,667
2024,13722,667
2024,13826,667
2024,13843,667
2024,13932,667
2024,13935,667
2024,13938,667
2024,13941,667
2024,13943,667
2024,13946,667
2024,13947,667
2024,13949,667
2024,13976,667
2024,14002,667
2024,14005,667
2024,14007,667
2024,14046,667
2024,14052,667
2024,14054,667
2024,14058,667
2024,14062,667
2024,14063,667
2024,14064,667
2024,14066,667
2024,14068,667
2024,14074,667
2024,14075,667
2024,14079,667
2024,14080,667
2024,14081,667
2024,14082,667
2024,14083,667
2024,14088,667
2024,14089,667
2024,14112,667
2024,14116,667
2024,14121,667
2024,14126,667
2024,14128,667
2024,14130,667
2024,14143,667
2024,14144,667
2024,14148,667
2024,14234,667
2024,14242,667
2024,14250,667
2024,14261,667
2024,14266,667
2024,14267,667
2024,14276,667
2024,14281,667
2024,14287,667
2024,14309,667
2024,14340,667
2024,14382,667
2024,14384,667
2024,14393,667
2024,14394,667
2024,14395,667
2024,14411,667
2024,14416,667
2024,14433,667
2024,14434,667
2024,14437,667
2024,14441,667
2024,14445,667
2024,14473,667
2024,14476,667
2024,14478,667
2024,14483,667
2024,14485,667
2024,14488,667
2024,14489,667
2024,14495,667
2024,14500,667
2024,14503,667
2024,14504,667
2024,14507,667
2024,14508,667
2024,14512,667
2024,14520,667
2024,14523,667
2024,14524,667
2024,14527,667
2024,14537,667
2024,14539,667
2024,14545,667
2024,14546,667
2024,14548,667
2024,14550,667
2024,14553,667
2024,14555,667
2024,14556,667
2024,14562,667
2024,14568,667
2024,14586,667
2024,14588,667
2024,14596,667
2024,14619,667
2024,14620,667
2024,14621,667
2024,14622,667
2024,14623,667
2024,14629,667
2024,14633,667
2024,14635,667
2024,14638,667
2024,14639,667
2024,14646,667
2024,14650,667
2024,14655,667
2024,14657,667
2024,14663,667
2024,14666,667
2024,14667,667
2024,14671,667
2024,14677,667
2024,14679,667
2024,14680,667
2024,14681,667
2024,14684,667
2024,14689,667
2024,14690,667
2024,14693,667
2024,14706,667
2024,14708,667
2024,14709,667
2024,14710,667
2024,14714,667
2024,14717,667
2024,14720,667
2024,14721,667
2024,14722,667
2024,14724,667
2024,14726,667
2024,14728,667
2024,14731,667
2024,14733,667
2024,14747,667
2024,14748,667
2024,14750,667
2024,14753,667
2024,14754,667
2024,14762,667
2024,14764,667
2024,14766,667
2024,14779,667
2024,14780,667
2024,14787,667
2024,14792,667
2024,14793,667
2024,14796,667
2024,14797,667
2024,14800,667
2024,14802,667
2024,14803,667
2024,14807,667
2024,14810,667
2024,14812,667
2024,14813,667
2024,14814,667
2024,14815,667
2024,14820,667
2024,14821,667
2024,14826,667
2024,14830,667
2024,14860,667
2024,14904,667
2024,14942,667
2024,14956,667
2024,14978,667
2024,14989,667
2024,15025,667
2024,15128,667
2024,15130,667
2024,15132,667
2024,15134,667
2024,15135,667
2024,15193,667
2024,15197,667
2024,15199,667
2024,15207,667
2024,15215,667
2024,15222,667
2024,15294,667
2024,15295,667
2024,15315,667
2024,15327,667
2024,15332,667
2024,15333,667
2024,15334,667
2024,15344,667
2024,15348,667
2024,15358,667
2024,15359,667
2024,15465,667
2024,15528,667
2024,15562,667
2024,15585,667
2024,15602,667
2024,15611,667
2024,15883,667
2024,15938,667
2024,16067,667
2024,16072,667
2024,16076,667
2024,16078,667
2024,16080,667
2024,16081,667
2024,16083,667
2024,16085,667
2024,16086,667
2024,16088,667
2024,16089,667
2024,16091,667
2024,16100,667
2024,16102,667
2024,16104,667
2024,16105,667
2024,16106,667
2024,16108,667
2024,16112,667
2024,16113,667
2024,16114,667
2024,16115,667
2024,16117,667
2024,16118,667
2024,16119,667
2024,16120,667
2024,16121,667
2024,16134,667
2024,16136,667
2024,16206,667
2024,16211,667
2024,16212,667
2024,16217,667
2024,16218,667
2024,16220,667
2024,16222,667
2024,16223,667
2024,16229,667
2024,16233,667
2024,16236,667
2024,16238,667
2024,16239,667
2024,16240,667
2024,16243,667
2024,16246,667
2024,16249,667
2024,16251,667
2024,16255,667
2024,16256,667
2024,16257,667
2024,16259,667
2024,16260,667
2024,16261,667
2024,16263,667
2024,16264,667
2024,16267,667
2024,16269,667
2024,16270,667
2024,16271,667
2024,16272,667
2024,16274,667
2024,16275,667
2024,16278,667
2024,16323,667
2024,16337,667
2024,16348,667
2024,16354,667
2024,16400,667
2024,16401,667
2024,16402,667
2024,16489,667
2024,16498,667
2024,16596,667
2024,16598,667
2024,16599,667
2024,16601,667
2024,16611,667
2024,16656,667
2024,16674,667
2024,16718,667
2024,16747,667
2024,16749,667
2024,16782,667
2024,16835,667
2024,16858,667
2024,16864,667
2024,16866,667
2024,16875,667
2024,16877,667
2024,16962,667
2024,16963,667
2024,16964,667
2024,16980,667
2024,16987,667
2024,16990,667
2024,16991,667
2024,16992,667
2024,16993,667
2024,16999,667
2024,17000,667
2024,17001,667
2024,17003,667
2024,17007,667
2024,17010,667
2024,17027,667
2024,17028,667
2024,17040,667
2024,17048,667
2024,17052,667
2024,17055,667
2024,17056,667
2024,17061,667
2024,17062,667
2024,17064,667
2024,17077,667
2024,17078,667
2024,17083,667
2024,17097,667
2024,17101,667
2024,17103,667
2024,17107,667
2024,17114,667
2024,17115,667
2024,17117,667
2024,17129,667
2024,17138,667
2024,17143,667
2024,17146,667
2024,17147,667
2024,17161,667
2024,17162,667
2024,17165,667
2024,17197,667
2024,17207,667
2024,17241,667
2024,17289,667
2024,17304,667
2024,17306,667
2024,17308,667
2024,17310,667
2024,17318,667
2024,17322,667
2024,17323,667
2024,17360,667
2024,17395,667
2024,17397,667
2024,17399,667
2024,17400,667
2024,17401,667
2024,17402,667
2024,17403,667
2024,17415,667
2024,17438,667
2024,17440,667
2024,17441,667
2024,17475,667
2024,17480,667
2024,17489,667
2024,17503,667
2024,17511,667
2024,17513,667
2024,17524,667
2024,17528,667
2024,17533,667
2024,17539,667
2024,17552,667
2024,17554,667
2024,17559,667
2024,17564,667
2024,17569,667
2024,17573,667
2024,17589,667
2024,17592,667
2024,17605,667
2024,17615,667
2024,17626,667
2024,17660,667
2024,17663,667
2024,17666,667
2024,17692,667
2024,17722,667
2024,17724,667
2024,17727,667
2024,17741,667
2024,17769,667
2024,17771,667
2024,17815,667
2024,17817,667
2024,17824,667
2024,17825,667
2024,17844,667
2024,17862,667
2024,17934,667
2024,18094,667
2024,18120,667
2024,18170,667
2024,18178,667
2024,18271,667
2024,18310,667
2024,18384,667
2024,18385,667
2024,18388,667
2024,18408,667
2024,18409,667
2024,18410,667
2024,18424,667
2024,18435,667
2024,18473,667
2024,18636,667
2024,18657,667
2024,18758,667
2024,18805,667
2024,18834,667
2024,18835,667
2024,18867,667
2024,18878,667
2024,18933,667
2024,19025,667
2024,19045,667
2024,19046,667
2024,19047,667
2024,19214,667
2024,19217,667
2024,19220,667
2024,19225,667
2024,19228,667
2024,19233,667
2024,19234,667
2024,19236,667
2024,19241,667
2024,19248,667
2024,19255,667
2024,19257,667
2024,19264,667
2024,19272,667
2024,19274,667
2024,19276,667
2024,19277,667
2024,19281,667
2024,19284,667
2024,19287,667
2024,19303,667
2024,19305,667
2024,19306,667
2024,19309,667
2024,19310,667
2024,19398,667
2024,19420,667
2024,19422,667
2024,19424,667
2024,19425,667
2024,19430,667
2024,19436,667
2024,19437,667
2024,19449,667
2024,19453,667
2024,19460,667
2024,19462,667
2024,19463,667
2024,19465,667
2024,19466,667
2024,19469,667
2024,19470,667
2024,19471,667
2024,19473,667
2024,19475,667
2024,19517,667
2024,19553,667
2024,19555,667
2024,19560,667
2024,19618,667
2024,19619,667
2024,19622,667
2024,19637,667
2024,19652,667
2024,19657,667
2024,19668,667
2024,19669,667
2024,19685,667
2024,19693,667
2024,19702,667
2024,19720,667
2024,19721,667
2024,19728,667
2024,19739,667
2024,19742,667
2024,19746,667
2024,19753,667
2024,19754,667
2024,19757,667
2024,19758,667
2024,19760,667
2024,19761,667
2024,19774,667
2024,19779,667
2024,19787,667
2024,19891,667
2024,19902,667
2024,19957,667
2024,19958,667
2024,19959,667
2024,19970,667
2024,19976,667
2024,19983,667
2024,20000,667
2024,20016,667
2024,20033,667
2024,20034,667
2024,20071,667
2024,20079,667
2024,20080,667
2024,20082,667
2024,20084,667
2024,20085,667
2024,20087,667
2024,20091,667
2024,20092,667
2024,20155,667
2024,20220,667
2024,20257,667
2024,20264,667
2024,20272,667
2024,20281,667
2024,20331,667
2024,20360,667
2024,20391,667
2024,20393,667
2024,20406,667
2024,20580,667
2024,20625,667
2024,20650,667
2024,20652,667
2024,20728,667
2024,20730,667
2024,20731,667
2024,20735,667
2024,20782,667
2024,20787,667
2024,20831,667
2024,20839,667
2024,20851,667
2024,20852,667
2024,20856,667
2024,20859,667
2024,20862,667
2024,20865,667
2024,20867,667
2024,20868,667
2024,20869,667
2024,20871,667
2024,20873,667
2024,20874,667
2024,20895,667
2024,21011,667
2024,21028,667
2024,21035,667
2024,21037,667
2024,21052,667
2024,21131,667
2024,21203,667
2024,21232,667
2024,21319,667
2024,21321,667
2024,21344,667
2024,21354,667
2024,21383,667
2024,21415,667
2024,21417,667
2024,21419,667
2024,21423,667
2024,21427,667
2024,21434,667
2024,21435,667
2024,21453,667
2024,21482,667
2024,21500,667
2024,21501,667
2024,21511,667
2024,21514,667
2024,21524,667
2024,21525,667
2024,21526,667
2024,21533,667
2024,21534,667
2024,21537,667
2024,21595,667
2024,21649,667
2024,21655,667
2024,21656,667
2024,21657,667
2024,21659,667
2024,21660,667
2024,21661,667
2024,21721,667
2024,21725,667
2024,21729,667
2024,21836,667
2024,21856,667
2024,21857,667
2024,21895,667
2024,21903,667
2024,21904,667
2024,21921,667
2024,21946,667
2024,21947,667
2024,21948,667
2024,21950,667
2024,21951,667
2024,21954,667
2024,21956,667
2024,21957,667
2024,21976,667
2024,21979,667
2024,22019,667
2024,22024,667
2024,22039,667
2024,22078,667
2024,22079,667
2024,22082,667
2024,22088,667
2024,22089,667
2024,22092,667
2024,22094,667
2024,22099,667
2024,22112,667
2024,22121,667
2024,22127,667
2024,22138,667
2024,22140,667
2024,22153,667
2024,22174,667
2024,22213,667
2024,22287,667
2024,22321,667
2024,22322,667
2024,22414,667
2024,22418,667
2024,22535,667
2024,22536,667
2024,22563,667
2024,22782,667
2024,22850,667
2024,22851,667
2024,22855,667
2024,22871,667
2024,22893,667
2024,22896,667
2024,22897,667
2024,22898,667
2024,22899,667
2024,22900,667
2024,22901,667
2024,22903,667
2024,22904,667
2024,22905,667
2024,22906,667
2024,22907,667
2024,22908,667
2024,22909,667
2024,22910,667
2024,22912,667
2024,22917,667
2024,22918,667
2024,22922,667
2024,22931,667
2024,22932,667
2024,23041,667
2024,23042,667
2024,23044,667
2024,23045,667
2024,23046,667
2024,23075,667
2024,23326,667
2024,23535,667
2024,23675,667
2024,23677,667
2024,23678,667
2024,24330,667
2024,24334,667
2024,24345,667
2024,24355,667
2024,24430,667
2024,24460,667
2024,24572,667
2024,24581,667
2024,24608,667
2024,24610,667
2024,24611,667
2024,24723,667
2024,24778,667
2024,279,101
2024,280,101
2024,281,101
2024,282,101
2024,283,101
2024,284,101
2024,285,101
2024,286,101
2024,287,101
2024,288,101
2024,289,101
2024,290,101
2024,291,101
2024,292,101
2024,293,101
2024,294,101
2024,295,101
2024,296,101
2024,297,101
2024,298,101
2024,299,101
2024,300,101
2024,301,101
2024,302,101
2024,303,101
2024,304,101
2024,305,101
2024,306,101
2024,307,101
2024,308,101
2024,309,101
2024,310,101
2024,311,101
2024,312,101
2024,313,101
2024,314,101
2024,315,101
2024,316,101
2024,317,101
2024,318,101
2024,756,101
2024,805,101
2024,2235,101
2024,2236,101
2024,4314,101
2024,4315,101
2024,4317,101
2024,4318,101
2024,4319,101
2024,4321,101
2024,4322,101
2024,4323,101
2024,4324,101
2024,4326,101
2024,4327,101
2024,7127,101
2024,7135,101
2024,7138,101
2024,10075,101
2024,10409,101
2024,434,128
2024,435,128
2024,436,128
2024,437,128
2024,438,128
2024,439,128
2024,440,128
2024,441,128
2024,442,128
2024,445,128
2024,446,128
2024,449,128
2024,450,128
2024,451,128
2024,452,128
2024,453,128
2024,455,128
2024,456,128
2024,457,128
2024,458,128
2024,460,128
2024,473,128
2024,474,128
2024,476,128
2024,478,128
2024,1064,128
2024,1065,128
2024,2432,128
2024,1716,666
2024,1717,666
2024,1718,666
2024,1719,666
2024,1720,666
2024,1721,666
2024,1722,666
2024,1723,666
2024,1725,666
2024,1726,666
2024,1727,666
2024,1728,666
2024,1729,666
2024,1731,666
2024,1732,666
2024,1735,666
2024,1737,666
2024,1742,666
2024,1743,666
2024,1744,666
2024,1745,666
2024,1746,666
2024,1748,666
2024,1749,666
2024,1751,666
2024,1752,666
2024,1757,666
2024,1759,666
2024,1762,666
2024,1763,666
2024,1765,666
2024,1769,666
2024,1771,666
2024,1772,666
2024,1776,666
2024,1779,666
2024,1781,666
2024,1782,666
2024,1783,666
2024,1785,666
2024,1977,666
2024,1978,666
2024,14456,666
2024,14458,666
2024,14459,666
2024,14460,666
2024,14461,666
2024,14462,666
2024,14463,666
2024,15583,666
2024,15584,666
2024,16924,666
2024,16925,666
2024,16927,666
2024,16929,666
2024,16930,666
2024,16931,666
2024,16932,666
2024,16935,666
2024,16936,666
2024,16937,666
2024,16939,666
2024,16940,666
2024,16941,666
2024,16944,666
2024,16945,666
2024,17884,666
2024,17885,666
2024,17886,666
2024,17887,666
2024,17891,666
2024,17892,666
2024,17893,666
2024,17896,666
2024,18257,666
2024,18258,666
2024,18261,666
2024,18262,666
2024,18263,666
2024,18264,666
2024,19092,666
2024,19137,666
2024,19138,666
2024,19139,666
2024,19142,666
2024,19935,666
2024,20452,666
2024,20453,666
2024,21437,666
2024,22716,666
2024,23051,666
2024,297,100
2024,300,100
2024,304,100
2024,313,100
2024,317,100
2024,805,100
2024,2235,100
2024,4314,100
2024,4318,100
2024,4319,100
2024,4321,100
2024,4322,100
2024,4323,100
2024,4324,100
2024,4326,100
2024,4327,100
2024,7135,100
2024,7138,100
2024,10075,100
2024,10409,100
2024,1845,699
2024,1846,699
2024,1848,699
2024,15401,699
2024,15402,699
2024,15403,699
2024,15406,699
2024,15407,699
2024,15452,699
2024,15454,699
2024,15515,699
2024,2278,262
2024,2279,262
2024,2280,262
2024,2281,262
2024,2282,262
2024,2283,262
2024,2285,262
2024,2286,262
2024,2287,262
2024,2288,262
2024,2289,262
2024,2290,262
2024,2291,262
2024,2292,262
2024,2295,262
2024,2298,262
2024,2314,262
2024,14002,262
2024,279,102
2024,280,102
2024,281,102
2024,282,102
2024,283,102
2024,284,102
2024,285,102
2024,286,102
2024,288,102
2024,289,102
2024,290,102
2024,291,102
2024,292,102
2024,293,102
2024,294,102
2024,295,102
2024,296,102
2024,297,102
2024,298,102
2024,299,102
2024,300,102
2024,301,102
2024,302,102
2024,303,102
2024,305,102
2024,306,102
2024,307,102
2024,308,102
2024,309,102
2024,310,102
2024,311,102
2024,312,102
2024,313,102
2024,314,102
2024,315,102
2024,316,102
2024,317,102
2024,318,102
2024,756,102
2024,805,102
2024,2236,102
2024,4314,102
2024,4315,102
2024,4317,102
2024,4318,102
2024,4319,102
2024,4321,102
2024,4322,102
2024,4323,102
2024,4324,102
2024,4326,102
2024,7116,102
2024,7118,102
2024,7119,102
2024,7123,102
2024,7126,102
2024,7127,102
2024,7129,102
2024,7134,102
2024,7135,102
2024,7137,102
2024,7145,102
2024,7149,102
2024,7150,102
2024,7153,102
2024,10075,102
2024,10407,102
2024,10409,102
2024,10410,102
2024,11398,102
2024,11403,102
2024,11410,102
2024,11414,102
2024,11423,102
2024,11424,102
2024,11429,102
2024,11431,102
2024,11435,102
2024,11446,102
2024,15213,102
2024,15215,102
2024,15216,102
2024,15217,102
2024,16692,102
2024,16693,102
2024,21344,102
2024,23662,102
2024,23663,102
2024,2865,301
2024,2870,301
2024,2871,301
2024,2872,301
2024,2874,301
2024,2875,301
2024,2876,301
2024,2877,301
2024,2879,301
2024,4912,301
2024,9136,301
2024,9139,301
2024,9140,301
2024,10155,301
2024,335,107
2024,338,107
2024,341,107
2024,344,107
2024,3483,107
2024,3487,107
2024,3488,107
2024,3495,107
2024,3496,107
2024,3498,107
2024,6941,107
2024,6947,107
2024,6953,107
2024,6957,107
2024,6958,107
2024,6964,107
2024,16239,107
2024,16249,107
2024,2893,305
2024,2895,305
2024,2896,305
2024,2897,305
2024,2899,305
2024,2900,305
2024,2901,305
2024,2903,305
2024,2904,305
2024,2905,305
2024,2907,305
2024,2916,305
2024,336,106
2024,337,106
2024,339,106
2024,340,106
2024,343,106
2024,345,106
2024,346,106
2024,347,106
2024,348,106
2024,349,106
2024,350,106
2024,3484,106
2024,3490,106
2024,3491,106
2024,3493,106
2024,4248,106
2024,6962,106
2024,14562,106
2024,33,528
2024,50,528
2024,6,9
2024,7,9
2024,8,9
2024,11,9
2024,16,9
2024,26,9
2024,29,9
2024,30,9
2024,2379,9
2024,2380,9
2024,2381,9
2024,2382,9
2024,2383,9
2024,2384,9
2024,2385,9
2024,5529,9
2024,2928,307
2024,2929,307
2024,2931,307
2024,2932,307
2024,2933,307
2024,2934,307
2024,2935,307
2024,2936,307
2024,2937,307
2024,2938,307
2024,2939,307
2024,2940,307
2024,2944,307
2024,2956,307
2024,2961,307
2024,2977,307
2024,10509,307
2024,10511,307
2024,168,529
2024,172,529
2024,183,80
2024,184,80
2024,188,80
2024,189,80
2024,190,80
2024,786,80
2024,1314,80
2024,1319,80
2024,1320,80
2024,1321,80
2024,1324,80
2024,1620,80
2024,1621,80
2024,1639,80
2024,4259,80
2024,4265,80
2024,4268,80
2024,9341,80
2024,9367,80
2024,12867,80
2024,211,94
2024,212,94
2024,215,94
2024,217,94
2024,222,94
2024,224,94
2024,225,94
2024,226,94
2024,227,94
2024,228,94
2024,230,94
2024,231,94
2024,240,94
2024,242,94
2024,762,94
2024,4716,94
2024,15130,94
2024,21595,94
2024,939,188
2024,940,188
2024,941,188
2024,942,188
2024,943,188
2024,944,188
2024,945,188
2024,946,188
2024,947,188
2024,948,188
2024,7573,188
2024,15550,188
2024,24608,188
2024,157,81
2024,158,81
2024,159,81
2024,160,81
2024,161,81
2024,162,81
2024,163,81
2024,164,81
2024,165,81
2024,166,81
2024,167,81
2024,168,81
2024,169,81
2024,170,81
2024,171,81
2024,172,81
2024,173,81
2024,174,81
2024,175,81
2024,176,81
2024,177,81
2024,178,81
2024,179,81
2024,180,81
2024,181,81
2024,182,81
2024,183,81
2024,184,81
2024,185,81
2024,186,81
2024,188,81
2024,189,81
2024,190,81
2024,191,81
2024,192,81
2024,744,81
2024,745,81
2024,784,81
2024,785,81
2024,1313,81
2024,1316,81
2024,1318,81
2024,1319,81
2024,1320,81
2024,1321,81
2024,1323,81
2024,1324,81
2024,1325,81
2024,1327,81
2024,1619,81
2024,1621,81
2024,1628,81
2024,1630,81
2024,1639,81
2024,1648,81
2024,1652,81
2024,1660,81
2024,4259,81
2024,4266,81
2024,12742,81
2024,12831,81
2024,12878,81
2024,14524,81
2024,16118,81
2024,549,203
2024,564,203
2024,607,203
2024,611,203
2024,645,203
2024,994,203
2024,996,203
2024,998,203
2024,1001,203
2024,1002,203
2024,1004,203
2024,1005,203
2024,1007,203
2024,3563,203
2024,3573,203
2024,3575,203
2024,3583,203
2024,3588,203
2024,3603,203
2024,38,40
2024,43,40
2024,44,40
2024,56,40
2024,58,40
2024,59,40
2024,60,40
2024,62,40
2024,63,40
2024,64,40
2024,67,40
2024,69,40
2024,70,40
2024,71,40
2024,72,40
2024,74,40
2024,75,40
2024,76,40
2024,746,40
2024,1338,40
2024,1346,40
2024,1355,40
2024,1357,40
2024,1359,40
2024,37,41
2024,53,41
2024,54,41
2024,61,41
2024,68,41
2024,73,41
2024,747,41
2024,748,41
2024,1334,41
2024,1335,41
2024,1337,41
2024,1350,41
2024,1352,41
2024,1356,41
2024,1358,41
2024,1362,41
2024,1364,41
2024,1368,41
2024,1370,41
2024,1373,41
2024,1374,41
2024,1379,41
2024,1837,41
2024,4686,41
2024,289,548
2024,294,548
2024,1340,45
2024,1344,45
2024,1380,45
2024,1820,45
2024,1824,45
2024,1825,45
2024,1826,45
2024,1827,45
2024,1829,45
2024,1830,45
2024,1843,45
2024,4677,45
2024,4678,45
2024,4679,45
2024,4680,45
2024,4681,45
2024,4682,45
2024,4683,45
2024,4684,45
2024,4685,45
2024,4687,45
2024,4688,45
2024,4689,45
2024,4690,45
2024,4691,45
2024,4692,45
2024,4693,45
2024,4694,45
2024,4695,45
2024,4696,45
2024,4697,45
2024,4699,45
2024,4701,45
2024,4702,45
2024,4703,45
2024,4704,45
2024,4705,45
2024,4706,45
2024,4707,45
2024,4708,45
2024,4709,45
2024,4710,45
2024,4711,45
2024,4712,45
2024,4713,45
2024,7205,45
2024,7206,45
2024,7207,45
2024,7208,45
2024,7209,45
2024,7210,45
2024,7211,45
2024,7212,45
2024,7213,45
2024,7214,45
2024,7215,45
2024,7216,45
2024,7217,45
2024,7218,45
2024,7219,45
2024,7220,45
2024,7221,45
2024,7222,45
2024,7224,45
2024,7225,45
2024,7226,45
2024,7227,45
2024,7228,45
2024,7229,45
2024,7231,45
2024,7232,45
2024,7233,45
2024,7234,45
2024,7235,45
2024,7236,45
2024,7237,45
2024,7238,45
2024,7239,45
2024,7241,45
2024,7242,45
2024,7243,45
2024,7244,45
2024,7245,45
2024,7246,45
2024,7247,45
2024,7248,45
2024,7249,45
2024,7250,45
2024,7251,45
2024,7252,45
2024,7253,45
2024,7254,45
2024,7255,45
2024,7256,45
2024,7257,45
2024,7258,45
2024,7259,45
2024,7261,45
2024,7263,45
2024,7264,45
2024,7265,45
2024,7266,45
2024,7267,45
2024,7610,45
2024,7611,45
2024,7612,45
2024,7613,45
2024,7614,45
2024,7615,45
2024,7616,45
2024,7617,45
2024,7618,45
2024,7619,45
2024,7620,45
2024,7621,45
2024,7622,45
2024,7623,45
2024,7624,45
2024,7626,45
2024,7627,45
2024,7628,45
2024,7629,45
2024,7630,45
2024,7631,45
2024,7632,45
2024,7634,45
2024,7635,45
2024,7636,45
2024,7637,45
2024,7638,45
2024,7639,45
2024,7640,45
2024,7641,45
2024,7642,45
2024,7643,45
2024,7644,45
2024,7645,45
2024,7647,45
2024,7648,45
2024,7649,45
2024,7650,45
2024,7651,45
2024,7652,45
2024,7654,45
2024,7655,45
2024,7656,45
2024,7657,45
2024,7658,45
2024,7659,45
2024,7660,45
2024,7661,45
2024,7662,45
2024,7663,45
2024,7664,45
2024,7665,45
2024,7666,45
2024,7667,45
2024,7668,45
2024,7669,45
2024,7670,45
2024,7671,45
2024,7672,45
2024,7674,45
2024,7675,45
2024,7676,45
2024,7677,45
2024,7678,45
2024,7679,45
2024,7680,45
2024,7681,45
2024,7682,45
2024,7683,45
2024,7690,45
2024,7691,45
2024,7692,45
2024,7693,45
2024,7694,45
2024,7695,45
2024,7696,45
2024,7697,45
2024,7698,45
2024,7699,45
2024,7700,45
2024,7701,45
2024,7702,45
2024,7703,45
2024,7704,45
2024,7705,45
2024,7706,45
2024,7707,45
2024,7708,45
2024,7710,45
2024,7711,45
2024,7712,45
2024,7714,45
2024,7715,45
2024,7716,45
2024,7717,45
2024,7718,45
2024,7719,45
2024,7720,45
2024,7721,45
2024,7722,45
2024,7723,45
2024,7724,45
2024,7725,45
2024,7726,45
2024,7727,45
2024,7728,45
2024,7729,45
2024,7730,45
2024,7731,45
2024,7732,45
2024,7733,45
2024,7734,45
2024,7735,45
2024,7737,45
2024,7738,45
2024,7739,45
2024,7740,45
2024,7741,45
2024,7742,45
2024,7743,45
2024,7744,45
2024,7745,45
2024,7746,45
2024,7747,45
2024,7748,45
2024,7749,45
2024,7750,45
2024,7751,45
2024,7753,45
2024,7754,45
2024,7756,45
2024,7757,45
2024,7758,45
2024,7759,45
2024,7760,45
2024,7761,45
2024,7762,45
2024,7764,45
2024,8147,45
2024,8149,45
2024,8650,45
2024,8651,45
2024,8653,45
2024,8654,45
2024,8655,45
2024,8656,45
2024,8657,45
2024,8658,45
2024,8659,45
2024,8660,45
2024,8661,45
2024,8662,45
2024,8664,45
2024,8665,45
2024,8666,45
2024,8667,45
2024,8669,45
2024,8670,45
2024,8671,45
2024,8672,45
2024,8673,45
2024,8674,45
2024,8675,45
2024,8677,45
2024,8680,45
2024,8681,45
2024,8682,45
2024,8683,45
2024,8685,45
2024,8686,45
2024,8689,45
2024,8690,45
2024,8691,45
2024,8692,45
2024,8693,45
2024,8694,45
2024,8695,45
2024,8698,45
2024,8699,45
2024,8700,45
2024,8701,45
2024,8702,45
2024,8703,45
2024,8704,45
2024,8705,45
2024,8707,45
2024,8708,45
2024,8709,45
2024,8711,45
2024,8712,45
2024,8713,45
2024,8714,45
2024,8717,45
2024,8718,45
2024,8719,45
2024,8722,45
2024,8723,45
2024,8724,45
2024,8725,45
2024,8726,45
2024,8727,45
2024,8728,45
2024,8729,45
2024,8730,45
2024,8733,45
2024,8734,45
2024,8736,45
2024,8737,45
2024,8741,45
2024,8742,45
2024,8745,45
2024,8746,45
2024,8747,45
2024,8750,45
2024,8751,45
2024,8752,45
2024,8753,45
2024,8754,45
2024,8755,45
2024,8756,45
2024,8757,45
2024,8758,45
2024,8759,45
2024,8760,45
2024,8762,45
2024,8763,45
2024,8766,45
2024,8767,45
2024,8769,45
2024,8770,45
2024,8771,45
2024,8772,45
2024,8773,45
2024,8774,45
2024,8775,45
2024,8776,45
2024,8777,45
2024,8778,45
2024,8779,45
2024,8780,45
2024,8781,45
2024,8782,45
2024,8783,45
2024,8784,45
2024,8785,45
2024,8786,45
2024,8789,45
2024,8790,45
2024,8791,45
2024,8792,45
2024,8793,45
2024,8794,45
2024,8796,45
2024,8797,45
2024,8798,45
2024,8799,45
2024,8801,45
2024,8802,45
2024,8804,45
2024,8806,45
2024,8807,45
2024,8809,45
2024,8810,45
2024,8811,45
2024,8812,45
2024,8813,45
2024,8814,45
2024,8817,45
2024,8820,45
2024,8822,45
2024,8828,45
2024,8830,45
2024,8831,45
2024,8832,45
2024,8833,45
2024,8834,45
2024,8835,45
2024,8839,45
2024,8840,45
2024,8841,45
2024,8842,45
2024,8844,45
2024,8845,45
2024,8846,45
2024,8847,45
2024,8849,45
2024,8850,45
2024,8851,45
2024,8852,45
2024,8853,45
2024,8856,45
2024,8857,45
2024,8858,45
2024,8859,45
2024,8860,45
2024,8861,45
2024,8862,45
2024,8863,45
2024,8864,45
2024,8865,45
2024,8866,45
2024,8868,45
2024,8870,45
2024,8871,45
2024,8872,45
2024,8873,45
2024,8875,45
2024,8876,45
2024,8877,45
2024,8878,45
2024,8879,45
2024,8880,45
2024,8881,45
2024,8882,45
2024,8883,45
2024,8884,45
2024,8885,45
2024,8889,45
2024,8892,45
2024,8893,45
2024,8894,45
2024,8895,45
2024,8896,45
2024,8899,45
2024,8900,45
2024,8901,45
2024,8902,45
2024,8903,45
2024,8904,45
2024,8906,45
2024,8907,45
2024,8908,45
2024,8909,45
2024,8910,45
2024,8912,45
2024,8914,45
2024,8915,45
2024,8917,45
2024,8918,45
2024,8919,45
2024,8920,45
2024,8921,45
2024,8922,45
2024,8923,45
2024,8926,45
2024,8927,45
2024,8928,45
2024,8929,45
2024,8930,45
2024,8931,45
2024,8932,45
2024,8933,45
2024,8936,45
2024,8938,45
2024,8941,45
2024,8943,45
2024,8944,45
2024,8945,45
2024,8946,45
2024,8947,45
2024,8949,45
2024,8950,45
2024,8952,45
2024,8953,45
2024,8954,45
2024,8955,45
2024,8956,45
2024,8957,45
2024,8958,45
2024,8961,45
2024,8962,45
2024,8964,45
2024,8965,45
2024,8966,45
2024,8967,45
2024,8969,45
2024,8971,45
2024,8972,45
2024,8975,45
2024,8976,45
2024,8977,45
2024,8979,45
2024,8980,45
2024,8981,45
2024,8982,45
2024,8983,45
2024,8984,45
2024,8985,45
2024,8986,45
2024,8989,45
2024,8991,45
2024,8992,45
2024,8993,45
2024,8994,45
2024,8995,45
2024,8996,45
2024,8997,45
2024,8998,45
2024,8999,45
2024,9004,45
2024,9005,45
2024,9006,45
2024,9008,45
2024,9009,45
2024,9010,45
2024,9011,45
2024,10157,45
2024,10158,45
2024,11936,45
2024,11956,45
2024,11960,45
2024,11968,45
2024,11974,45
2024,11983,45
2024,11986,45
2024,11989,45
2024,11991,45
2024,11993,45
2024,11996,45
2024,11998,45
2024,12004,45
2024,12013,45
2024,12015,45
2024,12021,45
2024,12026,45
2024,12027,45
2024,12028,45
2024,12040,45
2024,12041,45
2024,12044,45
2024,12049,45
2024,12057,45
2024,12060,45
2024,12061,45
2024,12065,45
2024,12078,45
2024,12080,45
2024,12082,45
2024,12091,45
2024,12101,45
2024,12104,45
2024,12106,45
2024,12110,45
2024,12112,45
2024,12116,45
2024,12126,45
2024,12147,45
2024,12149,45
2024,12157,45
2024,14406,45
2024,14411,45
2024,14412,45
2024,14413,45
2024,14414,45
2024,14418,45
2024,14424,45
2024,14428,45
2024,14429,45
2024,14450,45
2024,16983,45
2024,16984,45
2024,16985,45
2024,16989,45
2024,16990,45
2024,16991,45
2024,16992,45
2024,16993,45
2024,16994,45
2024,16995,45
2024,16997,45
2024,16998,45
2024,17044,45
2024,17078,45
2024,19265,45
2024,19548,45
2024,19549,45
2024,19550,45
2024,19551,45
2024,19552,45
2024,19553,45
2024,19554,45
2024,19555,45
2024,19556,45
2024,19557,45
2024,19558,45
2024,19560,45
2024,19835,45
2024,21700,45
2024,21701,45
2024,21702,45
2024,21703,45
2024,21704,45
2024,21705,45
2024,21706,45
2024,21707,45
2024,21708,45
2024,21709,45
2024,21711,45
2024,21712,45
2024,21713,45
2024,21714,45
2024,21715,45
2024,21716,45
2024,24331,45
2024,24332,45
2024,24333,45
2024,24334,45
2024,24335,45
2024,24336,45
2024,24337,45
2024,24338,45
2024,24339,45
2024,24340,45
2024,24341,45
2024,24342,45
2024,24343,45
2024,24344,45
2024,24345,45
2024,24346,45
2024,24347,45
2024,24348,45
2024,24349,45
2024,24350,45
2024,24351,45
2024,24354,45
2024,24355,45
2024,158,79
2024,159,79
2024,166,79
2024,171,79
2024,174,79
2024,175,79
2024,177,79
2024,178,79
2024,179,79
2024,181,79
2024,185,79
2024,192,79
2024,744,79
2024,745,79
2024,785,79
2024,1313,79
2024,1652,79
2024,1660,79
2024,157,78
2024,160,78
2024,161,78
2024,162,78
2024,163,78
2024,164,78
2024,165,78
2024,167,78
2024,168,78
2024,169,78
2024,170,78
2024,172,78
2024,173,78
2024,176,78
2024,180,78
2024,182,78
2024,186,78
2024,191,78
2024,551,207
2024,565,207
2024,606,207
2024,630,207
2024,644,207
2024,783,207
2024,1011,207
2024,1013,207
2024,1014,207
2024,2180,207
2024,2184,207
2024,6653,207
2024,561,210
2024,608,210
2024,616,210
2024,620,210
2024,1016,210
2024,1017,210
2024,1018,210
2024,1068,210
2024,1475,210
2024,1483,210
